0,1,2,3,4,5,6,7,8,9,10,11,12,13,14
C#,C++,Linux,,,,,,,,,,,,
Joomla,virtuemart,CSS, HTML,Bootstrap,,,,,,,,,,
HTML,CSS,Javascript, Front-end,WebAPI,,,,,,,,,,
تست نفوذ,امنیت شبکه,C#, C++,CISCO,,,,,,,,,,
پشتیبانی فنی,Wordpress,مستند سازی,CSS,عیب‌یابی,,,,,,,,,,
 SQL,Wordpress,Javascript,PHP,,,,,,,,,,,
 Front-end,Javascript,HTML5,CSS3,,,,,,,,,,,
Angular,typescript,Javascript,jQuery,HTML,CSS,Material Design,REST API, Git,,,,,,
UI  UX, Scrum,agile,,,,,,,,,,,,
,,,,,,,,,,,,,,
react native,API,Javascript, Git,Redux,,,,,,,,,,
Golang,Python,Scalability,,,,,,,,,,,,
PHP,MySQL,CSS3,Angular,HTML5,Laravel,,,,,,,,,
C#,Sql Server,ASP.NET,T-SQL,,,,,,,,,,,
Full-stack,PHP, OOP,MVC,HTML,jQuery,Bootstrap,,,,,,,,
مدیریت محصول,UX/UI,برنامه‌نویسی,مستند سازی,,,,,,,,,,,
C#,ASP.NET,Databases,Windows form,,,,,,,,,,,
.NET,.NET Core,Web API,Core,Sql Server,,,,,,,,,,
Angular,HTML,CSS,jQuery,Bootstrap,,,,,,,,,,
PHP,Laravel,Back-end,MySQL,Design Patterns,,,,,,,,,,
 Front-end,HTML,CSS,Javascript,React,Redux,,,,,,,,,
.NET,C#,MVC,Microsoft SQL Server ,,,,,,,,,,,
IOS,Swift,REST API,Core Data,,,,,,,,,,,
برنامه نویسی شی گرا OOP,OOP,آشنایی با مفاهیم شی گرایی,ado.net,Sql Server,Entity Framework, AJAX, JSON,Query String,Session,Session Management,Cookie,HTML,HTML5,Web API
Back-end,C#,.NET Core,Unit Testing,,,,,,,,,,,
,,,,,,,,,,,,,,
PHP, OOP,MVC,HTML,Javascript,CSS,jQuery,React,,,,,,,
Monitoring,Javascript,Java,REST,,,,,,,,,,,
Back-end,Databases,RabbitMQ,,,,,,,,,,,,
Java, OOP,HTTP,Ansible,git,Unit Tests,,,,,,,,,
React,Javascript,Less, SASS,Responsive Design,,,,,,,,,,
ReactJS,Javascript,Redux,Axios,,,,,,,,,,,
Nodejs,Entity Framework,Sql Server,C#,WCF,,,,,,,,,,
,,,,,,,,,,,,,,
طراحی سایت,Wordpress,,,,,,,,,,,,,
PHP,Wordpress,woocommerce,,,,,,,,,,,,
CSS3,HTML5,jQuery,Javascript,creative ,Bootstrap,React,Vue,Angular,AMP, AJAX,,,,
PHP,RESTful APIs ,Web Services,SOLID, SQL,NoSQL,CI/CD,HTML,CSS,jQuery, AJAX, JSON,Bootstrap, Git,
Wordpress,HTML,CSS,,,,,,,,,,,,
 Front-end,ASP.NET MVC, OOP,T-SQL,Sql Server,RESTful,Web API,,,,,,,,
React, Front-end,HTML, JavaScript,CSS,Responsive,Redux,ReactJS,,,,,,,
تحلیل داده,تجزیه و تحلیل,,,,,,,,,,,,,
ASP.NET MVC,Javascript,.NET,Sql Server,Entity Framework,,,,,,,,,,
تحلیل داده,طراحی پایگاه داده,Python,,,,,,,,,,,,
React,react native,ReactJS,Node.js,jQuery,HTML5, SASS,Javascript,,,,,,,
react native,Android,Redux,React,Javascript, Git,,,,,,,,,
 Front-end,React,CSS,HTML,Javascript,Java,,,,,,,,,
Unity,طراحی بازی,UI/UX,#C,,,,,,,,,,,
Blockchain, Scrum,ML,,,,,,,,,,,,
HTML,CSS, Front-end,Javascript,jQuery,Responsive,React,Vue,,,,,,,
Back-end,WCF,.NET Core,TSQL,Entity Framework,C#,,,,,,,,,
Wordpress,UI,HTML,CSS,jQuery,,,,,,,,,,
NET.,Design Patterns, SQL,TSQL,,,,,,,,,,,
VBA,VB6,Sql Server,,,,,,,,,,,,
 Front-end,ES6, Git, SASS,HTML5,CSS3,,,,,,,,,
PHP,Laravel,MySQL, OOP,jQuery,HTML,Bootstrap,,,,,,,,
,,,,,,,,,,,,,,
تولید محتوا,شبکه های اجتماعی,اصول نگارشی ,,,,,,,,,,,,
UI  UX, SASS,Bootstrap,jQuery,CSS,,,,,,,,,,
PHP,magento,SOA,MVC,agile,,,,,,,,,,
Android,Kotlin,Android Studio,RestFul API,MultiThreading,,,,,,,,,,
Java,REST API,kafka,NoSQL,Databases,,,,,,,,,,
Java,Spring Boot,Security,Hibernate ORM,BPMN,,,,,,,,,,
PHP,Laravel,lumen, OOP,MongoDB, Git,,,,,,,,,
,,,,,,,,,,,,,,
تحلیل نرم افزار,مستندسازی,,,,,,,,,,,,,
Wordpress,سئو,GOOGLE ANALYTICS,,,,,,,,,,,,
تحلیل نرم افزار, Scrum,User Stories,Product Owner,,,,,,,,,,,
CSS3,HTML,JS,Bootstrap,Responsive,,,,,,,,,,
Delphi, SQL,,,,,,,,,,,,,
.NET,C#,Sql Server,EF,jQuery,Javascript,,,,,,,,,
بانک‌های اطلاعاتی,Sql Server,SSIS,,,,,,,,,,,,
مدیریت فنی,Java,kafka,Big Data,Linux,NoSQL,,,,,,,,,
Node.js,express.js, OOP,MySQL,MongoDB,,,,,,,,,,
هم بنیانگذار,Android,,,,,,,,,,,,,
HTML5,CSS,jQuery,Node.js,ASP.NET,PHP,,,,,,,,,
Back-end,Laravel,MySQL,RDBMS,MongoDB,,,,,,,,,,
Oracle Database,Pl/sql,,,,,,,,,,,,,
Back-end,Framework,PHP,Laravel,lumen,RDBMS,MySQL,,,,,,,,
,,,,,,,,,,,,,,
.NET,C#,SignalR,TFS,,,,,,,,,,,
ASP.NET,MVC,Entity Framework,Sql Server,,,,,,,,,,,
 JavaScript, HTML,OOP,Node.js, CSS,MongoDB,,,,,,,,,
توسعه نرم افزار,C#,MCSA ,ASP.NET MVC,,,,,,,,,,,
UI  UX,Sketch,Photoshop,Javascript,CSS,HTML,طراحی,,,,,,,,
PHP,Laravel,MySQL,,,,,,,,,,,,
Android,Android Studio,Android SDK, JSON,RESTful,,,,,,,,,,
Angular,CSS3,HTML5,Responsive Design,,,,,,,,,,,
HTML,CSS,Javascript,jQuery, Front-end,,,,,,,,,,
++C,MySQL,Eclipse,C,,,,,,,,,,,
Delphi,Sql Server,برنامه نویسی دلفی,C#,,,,,,,,,,,
Sql Server,MySQL,Linux,iis,,,,,,,,,,,
Unity,C#,Optimization,agile,,,,,,,,,,,
پشتیبانی فنی,پشتیبانی سرور,پشتیبانی تلفنی,,,,,,,,,,,,
 SEO,SEO On Page,SEO Off Page,GOOGLE ANALYTICS,بازاریابی محتوا,Google Trends,,,,,,,,,
,,,,,,,,,,,,,,
.NET,PHP,Laravel,Node.js,Full-stack,,,,,,,,,,
Back-end,RestFul API, Git,Python, SQL,Flask,,,,,,,,,
React,react native, Git,تست نرم افزار,,,,,,,,,,,
OWASP,WAF, Lua,,,,,,,,,,,,
React,Javascript,ECMA Script 6,Express,Babel,webpack,,,,,,,,,
SDK,prestashop,Laravel,PHP,Wordpress,mvc.net,,,,,,,,,
Java, OOP,spring,Hibernate,jpa,RDBMS,,,,,,,,,
کارآموزی,UI,,,,,,,,,,,,,
AngularJS,CSS3,HTML5,SCSS,jQuery,npm,Javascript, Front-end,,,,,,,
Back-end, OOP,git,Design Patterns,RestFul API,MySQL,Laravel 5,PHP,,,,,,,
مدیریت پروژه,کنترل پروژه,,,,,,,,,,,,,
تست نرم افزار, Scrum,Javascript,Jest,,,,,,,,,,,
Back-end, OOP,PHP,Laravel,CSS,,,,,,,,,,
agile, Scrum,IOS,Android,,,,,,,,,,,
HTML,CSS,jQuery,Bootstrap,C#,,,,,,,,,,
Wordpress,woocommerce,API,,,,,,,,,,,,
,,,,,,,,,,,,,,
Django,PostgreSQL,orm,Python,,,,,,,,,,,
PHP,Laravel,RDBMS,MySQL,NoSQL,,,,,,,,,,
Laravel,Framework,JS,,,,,,,,,,,,
Android,Java,Kotlin,Android Studio,RestFul API, Git,,,,,,,,,
Kotlin,Anko,Layout, OOP,,,,,,,,,,,
Laravel,Bootstrap,jQuery,Javascript,CSS,HTML, AJAX,MySQL,PHP,,,,,,
React JS,Redux,Graphql,HTML,CSS, SASS,,,,,,,,,
Microservices,توسعه نرم افزار, PHP,REST API,,,,,,,,,,,
T-SQL,ETL,Sql Server,tunning,MySQL,Backup & Restore,,,,,,,,,
تست نرم افزار,مستندسازی,,,,,,,,,,,,,
HTML,CSS,Javascript,ES6, Front-end,,,,,,,,,,
طراحی سایت, Front-end,HTML,CSS,,,,,,,,,,,
BPMN,UML,visio,طراحی نرم افزار,تحلیل و طراحی نرم‌افزار,,,,,,,,,,
PHP,Laravel,Linux,C++,yii2,#C,,,,,,,,,
react native,Redux,webpack,,,,,,,,,,,,
bi,SSIS,ETL,SSAS,,,,,,,,,,,
PHP,MVC,CSS,Javascript,,,,,,,,,,,
پشتیبانی,پشتیبانی نرم افزار,Microsoft SQL Server ,,,,,,,,,,,,
yii2,,,,,,,,,,,,,,
HTML,CSS,jQuery, SASS,Javascript,Vuejs,Vue, Git,,,,,,,
Python,Django Framework, OOP,,,,,,,,,,,,
React,ES6,Javascript, Git,Redux,,,,,,,,,,
NET Core.,Sql Server,Web API,Angular,,,,,,,,,,,
,,,,,,,,,,,,,,
Python,Back-end,Django,HTTP,,,,,,,,,,,
Back-end,Nodejs,REST API,Javascript,,,,,,,,,,,
Data Analysis, SQL,agile,,,,,,,,,,,,
تولید محتوا,اصول نگارشی , SEO,,,,,,,,,,,,
PHP,Wordpress,Dropal,CSS,,,,,,,,,,,
Java,Java Core,RESTful APIs ,HTML,CSS,Javascript,,,,,,,,,
PHP,jQuery,Javascript,Entity Framework,Databases, OOP,,,,,,,,,
.NET,mssql,RestFul API,,,,,,,,,,,,
Copywriting,تولید محتوا,اصول نگارشی ,Microsoft Excel,,,,,,,,,,,
Back-end,Node.js,MongoDB, Git,MVC,,,,,,,,,,
Unity,C#,API,,,,,,,,,,,,
DevOps,MongoDB,Redis, Git,Cassandra,,,,,,,,,,
.NET,Java,SOAP,CSS,HTML, JavaScript,,,,,,,,,
Golang,MongoDB,Databases,,,,,,,,,,,,
,,,,,,,,,,,,,,
DevOps,kubernetes,Gitlab,Monitoring,,,,,,,,,,,
 AJAX,jQuery,Bootstrap,CSS3,HTML5,Javascript,React,,,,,,,,
Python,Back-end,,,,,,,,,,,,,
Qt,,,,,,,,,,,,,,
Back-end,C#, OOP,OOD,Web API,,,,,,,,,,
HTML5,CSS3,Bootstrap,Javascript,PHP,Full-stack,,,,,,,,,
Back-end,PHP,Laravel,MySQL,,,,,,,,,,,
Laravel,PHP,MySQL,CSS3,RestFul API,,,,,,,,,,
NET Core.,Sql Server,,,,,,,,,,,,,
UI  UX,RestFul API,git, Scrum,Unit Testing,HTML5,CSS3,,,,,,,,
UI/UX,HTML5,CSS3,Javascript,jQuery,,,,,,,,,,
تست نفوذ,نرم افزار تست نفوذ وب,,,,,,,,,,,,,
Android,Java,Android SDK,RestFul API, JSON,,,,,,,,,,
Laravel,Javascript,Vuejs,Nodejs,CSS,,,,,,,,,,
CSS,HTML,Javascript, JSON,REST,,,,,,,,,,
Wordpress,PHP,plugin,jQuery,CSS,HTML,MySQL,,,,,,,,
,,,,,,,,,,,,,,
HTML,CSS, CSS3,طراحی سایت,,,,,,,,,,,
PHP,Laravel,Framework,MySQL, Git,Version Control,,,,,,,,,
Java,JSF,Hibernate, AJAX,Web Services,jsp,agile,spring framework,,,,,,,
Android,IOS,تست نفوذ,,,,,,,,,,,,
تست نفوذ,Linux,,,,,,,,,,,,,
CSS3,Javascript,HTML, Front-end,,,,,,,,,,,
کارآموزی, SEO,,,,,,,,,,,,,
Node.js,Javascript,Express,Design Pattern,REST API,,,,,,,,,,
server-side,Back-end,Java,,,,,,,,,,,,
Swift,IOS,RxSwift,,,,,,,,,,,,
.NET,C#,Entity Framework,ASP.NET MVC,Sql Server,,,,,,,,,,
Nodejs,ES7, OOP,SOAP,REST,MySQL,,,,,,,,,
Back-end,PHP, OOP,Object Oriented,MySQL,RESTful,,,,,,,,,
Text Mining,NLP,طراحی الگوریتم,GIS,Machine learning,آمار,,,,,,,,,
Android,react native,RestFul API, Git,,,,,,,,,,,
,,,,,,,,,,,,,,
 Front-end,Angular,RestFul API,Bootsrap,CSS,HTML,Javascript, Git,ES6,RxJs,,,,,
 Front-end,Javascript,CSS, SASS,,,,,,,,,,,
 Visual Studio,#C,WebAPI,WPF,NET.,Android,,,,,,,,,
پشتیبانی نرم افزار, SQL,,,,,,,,,,,,,
Workbench, OOP,Java,,,,,,,,,,,,
پشتیبانی,پشتیبانی هاستینگ,ارتباط با مشتری,,,,,,,,,,,,
HTML,CSS,C#,T-SQL,CSS3,Responsive,Bootstrap,,,,,,,,
Golang,MySQL,RestFul API, Git,,,,,,,,,,,
PHP,OOP,Object Oriented Programming,MVC,MySQL,,,,,,,,,,
CTO,MVC,ASP .NET,React,react native,REST,OOP,Sql Server,,,,,,,
ASP.NET,MVC,.NET Core, Git, OOP,,,,,,,,,,
vue.js,Javascript,Less,SASS,ReactJS,,,,,,,,,,
.NET,NetCore.,Entity Framework,OOP,SOLID,,,,,,,,,,
 Front-end,HTML,CSS,Javascript,vue.js,,,,,,,,,,
,,,,,,,,,,,,,,
هوش تجاری,bi,مستندسازی,ETL,SQL,OLAP,,,,,,,,,
Back-end,MySQL,PHP,Yii Framework,,,,,,,,,,,
Javascript,Angular,React,HTML5,CSS3,,,,,,,,,,
 Front-end,Bootstrap,AngularJS,jQuery,HTML,CSS,Javascript,,,,,,,,
پشتیبانی,پشتیبانی نرم افزار,Linux,oracle,plSql,,,,,,,,,,
طراحی رابط کاربری,طراحی تجربه کاربری,طراحی گرافیک,طراحی بنر تبلیغاتی,نرم افزارهای گرافیکی,,,,,,,,,,
 Front-end,React,react native,client,REST,,,,,,,,,,
AngularJS,Javascript,jQuery,HTML5,CSS3,,,,,,,,,,
,,,,,,,,,,,,,,
Python,,,,,,,,,,,,,,
PHP,Wordpress,SQL,MySQL,Android,,,,,,,,,,
Python,SQL,Keras,tensorflow,C++,Java,,,,,,,,,
 Front-end,HTML,CSS,React.js,Javascript, Git,,,,,,,,,
C#,Sql Server,Object,NET.,MVC,MVVM,Linq,,,,,,,,
PHP,Laravel,jQuery,CSS,Javascript,HTML,,,,,,,,,
 Front-end,Javascript,CSS3,Angular,HTML5,,,,,,,,,,
Android,Android Studio,RESTful APIs ,,,,,,,,,,,,
IOS,Swift, Objective-C,RestFul API,CoreData,UIKIT,,,,,,,,,
Laravel,RESTful,OOP,Object Oriented,Design Patterns,MySQL,git,,,,,,,,
Back-end,Nodejs,MongoDB,,,,,,,,,,,,
Wordpress,PHP,HTML,CSS,,,,,,,,,,,
Big Data,NoSQL, SQL,Java,Python,,,,,,,,,,
Front-end,CSS3,HTML5,jQuery,JS,Bootstrap,Angular,,,,,,,,
UI  UX,HTML,CSS,Javascript,Prototyping,,,,,,,,,,
تحلیل سیستم,UML,RUP,agile, Git,,,,,,,,,,
Android Studio,Java,RESTful APIs ,,,,,,,,,,,,
HTML,JS,PHP,Wordpress,,,,,,,,,,,
react native,React-Native,Redux,JavaScript ES6,,,,,,,,,,,
 Front-end,CSS,HTML,jQuery,JS,,,,,,,,,,
Wordpress,PHP,CSS,,,,,,,,,,,,
C#, OOP,Socket Programming,,,,,,,,,,,,
 Front-end,ReactJS,Javascript,jQuery,,,,,,,,,,,
,,,,,,,,,,,,,,
Python,Django,Linux, SQL,REST, Git,,,,,,,,,
Back-end,MongoDB,MySQL,RestFul API,,,,,,,,,,,
Android,Swift, Git,,,,,,,,,,,,
Back-end,API,object-oriented,agile,NoSQL,SQL,,,,,,,,,
 PHP,OOP,MVC,HTML, JavaScript, CSS,,,,,,,,,
OOP,PHP,MVC,MySQL,CSS3,HTML5,Javascript,,,,,,,,
,,,,,,,,,,,,,,
Android,Java,Android SDK,SQLite,git,,,,,,,,,,
ReactJS,Graphql,HTML,CSS,RESTful,Less,,,,,,,,,
کنترل پروژه,agile, Scrum,Jira,,,,,,,,,,,
UI  UX,vue.js,Angular,SCSS,CSS,HTML,Javascript,jQuery,,,,,,,
IOS,Android,Java,ES6,,,,,,,,,,,
.NET,Socket Programming,Sql Server,,,,,,,,,,,,
CTO,Python,Django,git,,,,,,,,,,,
PHP,Node.js,HTML5,CSS3,,,,,,,,,,,
مدیریت فنی,PHP, Git, Scrum,codeigniter,Wordpress,CMS,مدیریت تیم فنی,,,,,,,
Front-end,UI  UX,HTML, JavaScript, CSS,Responsive, SASS,,,,,,,,
Node.js,express.js,OOP,Javascript,MVC,,,,,,,,,,
Front-end,JavaScrip,CSS,,,,,,,,,,,,
C#,Unity,,,,,,,,,,,,,
react native,MVP,HTML,CSS,Less,RESTful,Kotlin,Java,,,,,,,
RubyOnRails, OOP,TDD,RestFul API,,,,,,,,,,,
react native,Javascript,ES6,ES5,REST,Redux,typescript,Gradle,,,,,,,
Javascript,JSX,ES6,React,react native,,,,,,,,,,
Java,Java Core,EJB, OOP,MySQL,oracle,,,,,,,,,
Pl/sql,oracle,,,,,,,,,,,,,
کارآموزی, Front-end,,,,,,,,,,,,,
Node.js,CSS,HTML, Git,npm,Javascript,RestFul API,,,,,,,,
PHP,MySQL,REST,Javascript,HTML,CSS,Back-end,,,,,,,,
core java,Object Oriented,Java,,,,,,,,,,,,
,,,,,,,,,,,,,,
HTML,CSS, SASS,Less,Bootstrap,Javascript, Git,,,,,,,,
طراحی سایت,Wordpress,,,,,,,,,,,,,
کارآموزی,اندروید,,,,,,,,,,,,,
 Front-end,HTML,CSS,Javascript, Git,,,,,,,,,,
React-Native,React,Javascript,CSS,HTML,,,,,,,,,,
HTML,CSS,Javascript,jQuery,ms-sql,T-SQL,bpms,portal,,,,,,,
ASP.NET Core,Angular,,,,,,,,,,,,,
,,,,,,,,,,,,,,
تست نرم افزار,مستندسازی,,,,,,,,,,,,,
مدیریت پروژه,Jira, Scrum,agile,,,,,,,,,,,
PHP, OOP,MVC,HTML,CSS,Javascript,jQuery,,,,,,,,
 Front-end,HTML,Bootstrap,Redux,RestFul API,,,,,,,,,,
ASP.NET MVC,Entity Framework CodeFirst, OOP,SOLID,TSQL,mssql,,,,,,,,,
Android,IOS, Git,Android SDK,,,,,,,,,,,
ecmascript,Javascript,HTML5, Git, SASS,,,,,,,,,,
 AJAX,Javascript, SQL,PHP,,,,,,,,,,,
تست نرم افزار,مستندسازی,,,,,,,,,,,,,
مدیریت پروژه,کنترل پروژه,,,,,,,,,,,,,
angular6,HTML,CSS3,Javascript, SASS,SCSS,,,,,,,,,
 SQL,,,,,,,,,,,,,,
PHP,Laravel Framework,Linux, SQL, OOP,SOLID,,,,,,,,,
UI  UX,WPF,Photoshop,,,,,,,,,,,,
++C,PostgreSQL, Linux,,,,,,,,,,,,
,,,,,,,,,,,,,,
 OOP,PHP,Zend Framework,MVC,MVVM,RESTful APIs ,Web Services,HTML,CSS,jQuery, AJAX, JSON,Bootstrap,KnockoutJS,
 Front-end,Javascript,ecmascript,Vue,React,Angular, Git,,,,,,,,
Java,Web Services,Hibernate,spring, SQL,git,,,,,,,,,
.NET Core,C#,.NET Framework ,RestFul API,jQuery,CSS,Javascript,HTML,MSSQL Server,Design Patterns,,,,,
امور اداری,Microsoft Office ,,,,,,,,,,,,,
Laravel,PHP,RESTful,Object Oriented,MySQL,,,,,,,,,,
Back-end,Django,jQuery, AJAX,Javascript,CSS,Bootstrap,HTML,,,,,,,
HTML,CSS,Javascript,ASP.NET WebFrom,,,,,,,,,,,
ASP.NET WebFrom,#C, LINQ, JavaScript,HTML,CSS,,,,,,,,,
Django,Python,Linux,,,,,,,,,,,,
Javascript, Front-end,ES6,React.js,,,,,,,,,,,
NET., CSS3,HTML5,Bootstrap, JavaScript,,,,,,,,,,
React,ReactJS,Redux, JavaScript, jQuery,,,,,,,,,,
C#,,,,,,,,,,,,,,
Sharepoint Server,workflow,administration,,,,,,,,,,,,
PHP, OOP,Wordpress,Vue,CSS,HTML,Javascript,,,,,,,,
Android,Android Studio,Java, Git,,,,,,,,,,,
PHP,MVC,CSS,HTML,Javascript,jQuery,Vue,,,,,,,,
PHP,HTML,CSS,Javascript,MySQL,,,,,,,,,,
PHP,Laravel,Bootstrap,MySQL,,,,,,,,,,,
IOS,Swift, Objective-C,UIKIT,Layout, Git,,,,,,,,,
BPMN, Scrum,,,,,,,,,,,,,
 Front-end,Javascript,CSS,HTML,,,,,,,,,,,
,,,,,,,,,,,,,,
react native,React,Javascript,JSX,ES6,ES5, Git,,,,,,,,
تحلیل نرم افزار,مستندسازی,,,,,,,,,,,,,
مدیریت سایت,CMS,Wordpress,,,,,,,,,,,,
ASP.NET Core,Sql Server,Object Oriented, LINQ,MultiThreading,,,,,,,,,,
PHP,codeigniter,MySQL,,,,,,,,,,,,
HTML,MVC,Laravel,RestFul API,,,,,,,,,,,
DevOps,Redis,Cassandra,,,,,,,,,,,,
طراحی وب,HTML,CSS,OpenCart,Javascript,,,,,,,,,,
Python,RestFul API,Flask,MySQL,MongoDB,,,,,,,,,,
PHP,Laravel,RestFul API,,,,,,,,,,,,
ASP.NET,C#, OOP,RESTful,Back-end,,,,,,,,,,
PHP,Laravel,MySQL,jQuery,Javascript,Vuejs,ReactJS,,,,,,,,
microsoft Dynamics CRM,,,,,,,,,,,,,,
C#, SQL, Git,,,,,,,,,,,,
مدیریت فنی,PHP,codigniter,,,,,,,,,,,,
مدیریت پروژه, Git,MVC, Scrum,,,,,,,,,,,
,,,,,,,,,,,,,,
طراحی وب,CSS,HTML,Bootstrap,,,,,,,,,,,
پشتیبانی سایت,CSS,HTML,,,,,,,,,,,,
Android Studio,Android, Git, JSON,,,,,,,,,,,
Swift,IOS, Objective-C,,,,,,,,,,,,
 Front-end,HTML5,CSS3, SASS,Less,Javascript,React,,,,,,,,
Android,کاتلین,طراحی اپلیکیشن,کرکینگ ۲۰۱۹,تدریس و آموزش,,,,,,,,,,
Angular,Javascript,typescript,CSS,HTML,Java,,,,,,,,,
Javascript,HTML5,Angular 2,RESTful,,,,,,,,,,,
Android,Android Studio,RestFul API, JSON,,,,,,,,,,,
PHP,Laravel,MySQL,Back-end,,,,,,,,,,,
تست نرم افزار,مستندسازی,,,,,,,,,,,,,
ASP.NET,Angular,MSSQL Server,Entity Framework,,,,,,,,,,,
 OOP, SQL,CDI,spring,JPQL,,,,,,,,,,
Wordpress,HTML,CSS,jQuery,Javascript,,,,,,,,,,
,,,,,,,,,,,,,,
کارآموزی,ReactJS,,,,,,,,,,,,,
Front-end,HTML5,CSS3,Bootstrap,Responsive,,,,,,,,,,
 OOP,pl-sql,Oracle Database,,,,,,,,,,,,
PHP,Full-stack,MySQL,codeigniter,RESTful,CSS,HTML,Javascript,,,,,,,
 OOP,C#,Entity Framework,.NET,ASP.NET MVC,MVC,,,,,,,,,
PHP, OOP,HTML,CSS, Git,MVC,,,,,,,,,
طراحی سایت,CSS,HTML,,,,,,,,,,,,
iOS Development,Swift,,,,,,,,,,,,,
Python,Django,Flask,Postgres,Redis,Composer,Node.js,Docker,,,,,,,
کارآموزی,طراحی سایت,,,,,,,,,,,,,
Wordpress, SEO,Google Trends,MOZ,Google Analytics ,woocommerce,,,,,,,,,
UI/UX,HTML5,CSS3,jQuery,Angular,vue.js,,,,,,,,,
Kotlin,Android,MVVM,Design Patterns, Git,,,,,,,,,,
Wordpress,woocommerce,CSS,HTML,Javascript,,,,,,,,,,
,,,,,,,,,,,,,,
ASP.NET, C#,MVC,T-SQL,CSS, jQuery,HTML,,,,,,,,
اسکرام,agile,,,,,,,,,,,,,
vue.js,ReactJS,HTML,CSS,Javascript,,,,,,,,,,
کارآموزی,برنامه‌ریزی,,,,,,,,,,,,,
PHP,MySQL,Framework,REST API,MVC,,,,,,,,,,
Linux,LPIC2,esxi,VMWare,Bash Scripting,,,,,,,,,,
تحلیل سیستم,مستندسازی,پایگاه داده,,,,,,,,,,,,
,,,,,,,,,,,,,,
NoSQL,Docker,CI/CD,Linux,,,,,,,,,,,
Javascript,HTML,CSS,Responsive Design, Git,,,,,,,,,,
PHP,Laravel,Javascript,jQuery,Sql Server,MySQL,react native,RestFul API,webservice,MVC,HTML,Bootstrap,CSS,,
CSS3,HTML5,Javascript,,,,,,,,,,,,
مدیریت فنی,Sql Server,,,,,,,,,,,,,
PHP,Laravel, Git,,,,,,,,,,,,
Wordpress,CSS,API,,,,,,,,,,,,
Android,Android Studio,Java, Git,Unit Testing,,,,,,,,,,
PHP, OOP,API,,,,,,,,,,,,
 OOP,Design Patterns,PHP,Laravel,MySQL,RestFul API, Git,,,,,,,,
ASP.NET,C#,ASP.NET MVC,Javascript,HTML5,CSS,Web API,Web Services,XML,Sql Server, Git,,,,
NoSQL,Docker,kubernetes,Linux,,,,,,,,,,,
Spring Data,spring framework,Spring Boot,Spring MVC, OOP,,,,,,,,,,
تحلیل سیستم,UML,RUP,,,,,,,,,,,,
HTML5,CSS3,Javascript,typescript,Angular,JSX,ES6,ES5,RestFul API, Front-end,,,,,
پشتیبانی نرم افزار,Sql Server,+NETWORK,,,,,,,,,,,,
تست نرم افزار,Qc,مستندسازی,Functional Testing,,,,,,,,,,,
react native,AngularJS,MVC,.NET,Bootstrap,,,,,,,,,,
Android,IOS,,,,,,,,,,,,,
NET.,C#.Net,VB.net,Sql Server,,,,,,,,,,,
Kotlin,Java,MVC,webservice,RestAPI,,,,,,,,,,
Wordpress,PHP, OOP,,,,,,,,,,,,
angular2,ES6,Javascript,SCSS,CSS3,HTML5,,,,,,,,,
,,,,,,,,,,,,,,
C++,Python,,,,,,,,,,,,,
react native,JSX,ReactJS,ES6,Javascript,,,,,,,,,,
Java,J2EE,oracle, SQL,RESTful,,,,,,,,,,
IOS,Swift,MVC,Object Oriented,,,,,,,,,,,
Back-end,PHP,MySQL,Laravel,PostgreSQL,,,,,,,,,,
Python,Back-end,Linux,Django,,,,,,,,,,,
Data Analysis,data modelling,ETL,visualisation,,,,,,,,,,,
C++,Qt framework,,,,,,,,,,,,,
PHP,Laravel,agile, Git,Web API,jQuery,CSS,HTML5,,,,,,,
Gameplay,++C,unreal engine,,,,,,,,,,,,
PHP,HTML,JS,CSS,MySQL,,,,,,,,,,
Android,Android Studio,APIs,REST, JSON,Unit Testing,Java,,,,,,,,
Flutter,REST API,Broadcast Receiver,,,,,,,,,,,,
Wordpress,CSS,PHP,MySQL,HTML,,,,,,,,,,
PHP,CSS,طراحی وب,Wordpress,,,,,,,,,,,
 PHP,Laravel, MySQL,REST API,,,,,,,,,,,
,,,,,,,,,,,,,,
Java,spring framework,Web Services, JSON,REST, OOP,,,,,,,,,
Javascript,jQuery,Angular,CSS,CSS3,HTML,HTML5,,,,,,,,
HTML5,jQuery,CSS3, Front-end,UI/UX,Wordpress, OOP,,,,,,,,
CMS,CSS,HTML,Javascript,,,,,,,,,,,
PHP,MySQL,MVC,,,,,,,,,,,,
ASP.NET MVC,linqtosql,.NET Core,SignalR,Web API,Design Patterns,,,,,,,,,
PHP,MySQL,MVC,,,,,,,,,,,,
.NET Core,.NET Framework ,ASP.NET Core,,,,,,,,,,,,
Python,Golang,Back-end,,,,,,,,,,,,
++C, OOP,,,,,,,,,,,,,
Software Testing,Jira,مهندسی نرم افزار,تهیه مستندات,,,,,,,,,,,
iOS SDK,Push Notification, Objective-C,RestFul API,,,,,,,,,,,
ReactJS,Redux, Front-end,Wireframe,typescript,,,,,,,,,,
PHP,MySQL,Laravel Framework,CSS,HTML,,,,,,,,,,
NET.,کارآموزی,,,,,,,,,,,,,
استقرار نرم افزار,تست نرم افزار,,,,,,,,,,,,,
تحلیل نرم افزار,مستندسازی,,,,,,,,,,,,,
Machine learning,Deep learning,,,,,,,,,,,,,
BPMN,bpms,HTML,CSS,Javascript,,,,,,,,,,
PHP,Bootstrap,MVC,Laravel,lumen,MySQL,git, HTML,CSS,jQuery,,,,,
HTML5,CSS3,Javascript,React,ReactJS, Front-end,,,,,,,,,
Java,RESTful,Microsoft SQL Server ,Bootstrap,MVC,,,,,,,,,,
 OOP,C#,Sql Server,C#.Net,,,,,,,,,,,
Back-end,API, Git,jQuery,HTML,CSS,Node.js,Java, OOP,,,,,,
Swift,IOS, Objective-C,RestFul API,Websocket,,,,,,,,,,
Full-stack,Java,spring,SOAP,REST,,,,,,,,,,
UI/UX,Responsive Design,storyboard,Prototype, Wireframes,,,,,,,,,,
Swift, Objective-C, Xcode,Web Services,SQLite, Git,,,,,,,,,
مدیریت فنی, Scrum,agile, Git, SQL,MySQL,React,,,,,,,,
,,,,,,,,,,,,,,
Javascript,CSS,HTML,,,,,,,,,,,,
Full-stack, Front-end,UI  UX,Javascript, SASS,CSS3,HTML5, Git,,,,,,,
Front-end,React,ecmascript,Javascript,HTML,CSS,,,,,,,,,
 SEO,Social Media,Google Analytics ,,,,,,,,,,,,
Back-end,Sql Server,C#,WebAPI,.NET Core,,,,,,,,,,
C#.Net,ASP.NET,MVC,AngularJS,,,,,,,,,,,
ES6,ES5,Back-end,Javascript,PHP, Git,MySQL,Redis,,,,,,,
 Front-end,Javascript,HTML,CSS,REST,,,,,,,,,,
,,,,,,,,,,,,,,
پشتیبانی,پشتیبانی فنی,oracle,Javascript,,,,,,,,,,,
PHP,HTML,jQuery,CSS, jQuery, OOP,,,,,,,,,
MVC,#C,PHP,Javascript,CSS,HTML,Bootstrap,,,,,,,,
Back-end,Laravel,PHP, JSON,Web Services,API,,,,,,,,,
 Front-end,CSS3,HTML5,jQuery,Javascript,,,,,,,,,,
Sql Server,Microsoft BI,NoSQL,,,,,,,,,,,,
Angular,CSS,HTML,C#,,,,,,,,,,,
HTML,CSS,Javascript,jQuery, Front-end,,,,,,,,,,
کارآموزی, PHP,Wordpress,,,,,,,,,,,,
 Front-end,CSS,HTML,PHP,Wordpress,Bootstrap,,,,,,,,,
Android,Android SDK,Kotlin,,,,,,,,,,,,
کارآموزی,Android,,,,,,,,,,,,,
Android,Android Studio,RESTful APIs ,Java, Git,,,,,,,,,,
HTML,CSS,Javascript,Java, Front-end,,,,,,,,,,
Android,React, Front-end,,,,,,,,,,,,
,,,,,,,,,,,,,,
پایگاه داده,T-SQL,Sql Server,Query,,,,,,,,,,,
Back-end, OOP, SQL,Entity Framework,RabbitMQ,NoSQL,,,,,,,,,
Python,Django,,,,,,,,,,,,,
ASP.NET,MVC,API,CSS,Javascript,jQuery,C#,ASP.NET MVC,,,,,,,
UI  UX,HTML,CSS,,,,,,,,,,,,
HTML,CSS,Javascript,Redux,ReactJS, Front-end,,,,,,,,,
تضمین کیفیت,REST API,وب سرویس,,,,,,,,,,,,
Angular, Git,RestFul API,,,,,,,,,,,,
C#,.NET,ASP.NET Core,,,,,,,,,,,,
C#,HTML,Javascript,Sql Server,Entity Framework,Web API, OOP,,,,,,,,
کارآموزی,#C,,,,,,,,,,,,,
مدیریت it,MySQL,PHP,Laravel Framework,CSS3,,,,,,,,,,
MySQL,PHP,HTML,CSS,,,,,,,,,,,
#C,ASP.NET MVC,Entity Framework,Sql Server,,,,,,,,,,,
,,,,,,,,,,,,,,
Redux,ReactJS,Javascript,React,,,,,,,,,,,
Wordpress,PHP,,,,,,,,,,,,,
 SEO,SEO On Page,SEO Off Page,webmaster,Google Analytics ,,,,,,,,,,
HTML5,typescript,Javascript,ReactJS,Angular,SPA, OOP,CSS,HTML,Less, SASS,REST API, Git,,
 Scrum,مستندسازی,,,,,,,,,,,,,
react native,ES6,React.js,Redux,REST API,,,,,,,,,,
ReactJS,Javascript,REST API,Redux,React,,,,,,,,,,
Back-end,C#,.NET,ASP.NET MVC,git,REST API,Design Patterns,Entity Framework,T-SQL,HTML,,,,,
Java,,,,,,,,,,,,,,
 SEO,,,,,,,,,,,,,,
Node js,React JS,,,,,,,,,,,,,
Back-end,.NET Core,MongoDB,MS SQL Server,,,,,,,,,,,
توسعه نرم افزار,C#,OpenCV,,,,,,,,,,,,
تحلیل نرم افزار,طراحی نرم افزار,BPMN,مستندسازی, Scrum,Visual Paradigm,,,,,,,,,
Wordpress, SEO,,,,,,,,,,,,,
,,,,,,,,,,,,,,
طراحی بازی,Game Design,,,,,,,,,,,,,
Android,Java,Android Studio,Material Design,,,,,,,,,,,
 Front-end,Bootstrap,Less, Git,HTML,CSS,Responsive Design,,,,,,,,
Core,Java,Hibernate,Angular,,,,,,,,,,,
Nodejs,ES5,ES6,Javascript,RestFul API,MongoDB,gitflow,,,,,,,,
Java,NoSQL, SQL,,,,,,,,,,,,
 Front-end,Responsive Design,UI  UX,,,,,,,,,,,,
Wordpress,Joomla,HTML,CSS,,,,,,,,,,,
MATLAB,C++,مستندسازی,Linux,MultiThreading,,,,,,,,,,
Wordpress,CSS,HTML,,,,,,,,,,,,
MATLAB,Python,,,,,,,,,,,,,
Unity,#C,Unity3D,unity 2d,,,,,,,,,,,
Android, OOP,MVVM,MVP,Dependency Injection,RESTful APIs ,,,,,,,,,
.NET,OOP,MVC,.NET Core,,,,,,,,,,,
C#,.NET Core,RESTful APIs ,Entity Framework,Design Patterns,Sql Server,T-SQL, Git, Scrum,,,,,,
Java,Object Oriented,پایگاه داده,,,,,,,,,,,,
#C,ASP.NET MVC,RestFul API, SQL,Sql Server,Entity Framework,,,,,,,,,
 Front-end,React,Redux, JavaScript,webpack,Babel,git, Scrum,,,,,,,
آشنا به مدیریت سایت majento,,,,,,,,,,,,,,
C#,Sql Server,ASP.NET,,,,,,,,,,,,
Golang, Git,Go,MultiThreading,API,پایگاه داده,,,,,,,,,
تضمین کیفیت,تست نرم افزار,,,,,,,,,,,,,
 SEO,google webmaster,GOOGLE ANALYTICS,Copywriting,تولید محتوا,,,,,,,,,,
Java,Java Core,JSF,,,,,,,,,,,,
,,,,,,,,,,,,,,
پشتیبانی,پشتیبانی نرم افزار, SQL,,,,,,,,,,,,
PHP,Javascript,Laravel,MySQL,CSS,HTML,,,,,,,,,
 PHP,ssh,Linux,,,,,,,,,,,,
react native,ES6,Redux,JS,,,,,,,,,,,
 Front-end,HTML,Javascript,CSS,,,,,,,,,,,
Bootstrap,Responsive Design,Javascript,CSS3,HTML5,vue.js,,,,,,,,,
,,,,,,,,,,,,,,
Node.js,MongoDB,npm,Back-end,,,,,,,,,,,
Wordpress,HTML,CSS,,,,,,,,,,,,
PHP,MySQL,REST, OOP,,,,,,,,,,,
ASP.NET,Asp.net WebForm,MSSQL Server,API,Entity Framework,,,,,,,,,,
Wordpress,UI  UX,HTML5,Joomla,CSS3,jQuery,MySQL,,,,,,,,
PHP,MySQL,HTML,Android Studio,,,,,,,,,,,
Javascript,Vue,SPA, OOP,CSS,HTML,Unit Testing,REST API,,,,,,,
Android, Git,Android SDK,Kotlin,RestFul API,,,,,,,,,,
React,ReactJS,Full-stack,,,,,,,,,,,,
Python, SQL,,,,,,,,,,,,,
Nodejs,Databases, SQL,NoSQL,,,,,,,,,,,
Golang,Django,Redis,PostgreSQL,Python,Back-end,,,,,,,,,
PHP,HTML,CSS,Javascript,JS,,,,,,,,,,
rocket chat,,,,,,,,,,,,,,
CSS3,HTML5,Angular,jQuery,Bootstrap,Javascript,ecmascript,,,,,,,,
,,,,,,,,,,,,,,
Back-end,Node.js,Javascript, Git,پایگاه داده,,,,,,,,,,
کارآموزی,SharePoint,CRM,,,,,,,,,,,,
Android,Android Studio,Kotlin,MVVM,RESTful APIs , Git,,,,,,,,,
Back-end,Node js,MVC,MongoDB,git,,,,,,,,,,
Wordpress,HTML5,PHP,CSS3,,,,,,,,,,,
کنترل پروژه,مدیریت پروژه,,,,,,,,,,,,,
 PHP,Laravel Framework,HTML5, CSS3,JS, jQuery, MySQL,,,,,,,,
Wordpress,PHP,MySQL,plugin, Git,,,,,,,,,,
PHP,Bootstrap,Responsive,Object Oriented,,,,,,,,,,,
C#,Web API,Back-end,,,,,,,,,,,,
پشتیبانی,Microsoft Excel,مالی و حسابداری,,,,,,,,,,,,
پشتیبانی نرم افزار,پشتیبانی,Sql Server,,,,,,,,,,,,
.NET Core,Angular,,,,,,,,,,,,,
IOS,Swift, OOP,,,,,,,,,,,,
Mobile Programming,react native,Redis,Babel,webpack,Javascript,,,,,,,,,
پشتیبانی,پشتیبانی نرم افزار,Microsoft Word,Microsoft Excel,,,,,,,,,,,
,,,,,,,,,,,,,,
 Front-end,HTML5,CSS3,Javascript,jQuery, AJAX,Responsive,Bootstrap 4,,,,,,,
SAP ,abap,,,,,,,,,,,,,
تست نرم افزار,TSQL,C#,MVC, SQL,,,,,,,,,,
Python, SQL,Full-stack,,,,,,,,,,,,
 Front-end,ReactJS,Redis, SASS,,,,,,,,,,,
#C, LINQ, SQL,,,,,,,,,,,,
Android,RestFul API, OOP,Java,,,,,,,,,,,
 Front-end,HTML,jQuery,CSS,React.js,vue.js,,,,,,,,,
React.js, Front-end, HTML,CSS,,,,,,,,,,,
 Front-end,HTML,Javascript,CSS,,,,,,,,,,,
ASP.NET MVC,C#,Bootstrap,jQuery,CSS,HTML,,,,,,,,,
Java,REST API,Design Patterns,jpa,Hibernate,,,,,,,,,,
CRM,Sql Server,Microsoft CRM,,,,,,,,,,,,
مدیریت فنی,PHP,ASP.NET MVC,Sql Server,Entity Framework,RestFul API,,,,,,,,,
Android,,,,,,,,,,,,,,
 OOP,MultiThreading, ASP.NET MVC,XML, JSON,Javascript,ReactJS,#C,,,,,,,
تست نرم افزار,Software Testing,,,,,,,,,,,,,
++C, OOP,طراحی الگوریتم,opengl,,,,,,,,,,,
کارآموزی,برنامه نویسی موبایل,xamarin,,,,,,,,,,,,
xamarin,#C,SignalR,MVVM,,,,,,,,,,,
.NET,C#, SQL,Bootstrap,Javascript,ASP.NET,,,,,,,,,
UI  UX,HTML5,Javascript,CSS,,,,,,,,,,,
Android,,,,,,,,,,,,,,
Nodejs,JSON, JavaScript, jQuery,ASP.NET MVC,,,,,,,,,,
پشتیبانی فنی,#C,.Net Framework 4,T-SQL,Troubleshooting,,,,,,,,,,
C#, JSON,XML,,,,,,,,,,,,
C#, SQL,NoSQL,Design Patterns,,,,,,,,,,,
کارآموزی,PHP,,,,,,,,,,,,,
C#, SQL,NoSQL,مدیریت زمان,Design Patterns,,,,,,,,,,
,,,,,,,,,,,,,,
C#, SQL,NoSQL,,,,,,,,,,,,
Data Warehouse,Sql Server,ETL,SSIS,,,,,,,,,,,
Back-end,PHP, OOP,Laravel,,,,,,,,,,,
 Front-end,Javascript,jQuery,HTML5,ReactJS,,,,,,,,,,
C#,Sql Server,پایگاه داده,,,,,,,,,,,,
.NET,C#,ASP.NET,Sql Server,#C, Windows,,,,,,,,,
Wordpress,HTML,PHP,jQuery,,,,,,,,,,,
HTML,CSS,Javascript,jQuery, Front-end,,,,,,,,,,
Microsoft CRM,OPEN SOURCE,کارآموزی,,,,,,,,,,,,
 Front-end,CSS,HTML,Javascript,Library, jQuery,Bootstrap,,,,,,,,
Laravel,PHP,Javascript,,,,,,,,,,,,
react native,Javascript,Redux,JSX,ES6, Git,,,,,,,,,
PHP,Laravel,jQuery, Front-end,CSS,,,,,,,,,,
CSS3,HTML5,AngularJS,React,Bootstrap,Javascript,jQuery,,,,,,,,
PHP, SQL,Object Oriented,MVC,Design Patterns,Laravel Framework,Symfony,Yii Framework, Scrum,,,,,,
,,,,,,,,,,,,,,
کارآموزی,Android,,,,,,,,,,,,,
React, Front-end,ReactJS,jQuery,HTML,Javascript,,,,,,,,,
Wordpress,CSS,HTML,,,,,,,,,,,,
Laravel,HTML,CSS,Javascript,,,,,,,,,,,
مدیریت فنی,Databases,Django,Java, OOP,,,,,,,,,,
شبکه,عیب یابی,ESX,Linux,windows server,,,,,,,,,,
 Front-end,HTML,CSS,jQuery,,,,,,,,,,,
Back-end,MongoDB,Docker,RESTful,Java,,,,,,,,,,
Blockchain,ethereum,unit,Solidity,,,,,,,,,,,
++C,Linux,,,,,,,,,,,,,
IOS, Objective-C,RestFul API,Websocket,,,,,,,,,,,
تست نرم افزار,تحلیل نرم افزار,مستندسازی,,,,,,,,,,,,
Artificial Intelligence, Python, C++,,,,,,,,,,,,
Laravel, OOP,CentOS 7,,,,,,,,,,,,
#C, Git,TFS,Sql Server,.NET,,,,,,,,,,
Wordpress,تولید محتوا,,,,,,,,,,,,,
 OOP,Angular.js, JavaScript,MVC,ASP.NET,.NET,,,,,,,,,
ASP.NET,MVC,ASP.NET Core,Bootstrap,Javascript,CSS,,,,,,,,,
MVC,.NET, SQL,Javascript,HTML,CSS,,,,,,,,,
JavaSE,JavaEE, OOP,Java,Back-end,,,,,,,,,,
Unity,C#, OOP,,,,,,,,,,,,
تحلیل نرم افزار,طراحی نرم افزار,,,,,,,,,,,,,
#C,HTML,CSS,Javascript,NetCore.,Entity Framework,Sql Server,ASP.NET Core,,,,,,,
ASP.NET MVC,JWT,API,C#,.NET,,,,,,,,,,
,,,,,,,,,,,,,,
Android,Android Studio,Java,Kotlin,,,,,,,,,,,
بلاکچین,‌dlt,Solidity,,,,,,,,,,,,
DevOps,Linux,Docker,Databases,Nginx,,,,,,,,,,
SOLID, OOP,Pattern Design,Python,Django,database,Caching,,,,,,,,
PHP,Wordpress,,,,,,,,,,,,,
Algorithms,prototypes,,,,,,,,,,,,,
,,,,,,,,,,,,,,
 Front-end,Redux,React,RestFul API,React.js,,,,,,,,,,
Wordpress, SEO,Google Analytics ,google webmaster,,,,,,,,,,,
هوش مصنوعی ,,,,,,,,,,,,,,
PHP,Laravel, Git,,,,,,,,,,,,
PHP,CSS,HTML,,,,,,,,,,,,
Python,Django,Linux,Node.js,,,,,,,,,,,
ES6,Javascript,ReactJS,HTML5,CSS, Front-end,,,,,,,,,
Wordpress,Javascript,CSS,HTML5,PHP,,,,,,,,,,
Full-stack,.NET Core,Design Pattern,Object Oriented,JSON,REST,CSS,HTML,typescript,,,,,,
IT,PHP,CSS,Python,jQuery,Javascript,,,,,,,,,
تست نرم افزار,مستندسازی,سناریو تست,,,,,,,,,,,,
 Front-end,Javascript,JS,Canvas,svg,Angular,,,,,,,,,
 Front-end,React,JSX,Redux,ecmascript,,,,,,,,,,
Java,Hibernate,spring,Javascript,jQuery,Linux,,,,,,,,,
 Front-end,React,Javascript,Node.js, SASS,Less,,,,,,,,,
PHP,Laravel, OOP,,,,,,,,,,,,
ASP.NET,C#,TSQL,,,,,,,,,,,,
++C,Qt,Java,C#,,,,,,,,,,,
PHP,Laravel,RESTful,,,,,,,,,,,,
کنترل پروژه,,,,,,,,,,,,,,
مدیریت سایت,Wordpress,CMS,,,,,,,,,,,,
ASP.NET,Sql Server,Web API,Entity Framework,,,,,,,,,,,
,,,,,,,,,,,,,,
react native,ES5,ES6, Git,,,,,,,,,,,
 Front-end,Javascript, Git,,,,,,,,,,,,
 CSS,HTML,CSS,Bootstrap,,,,,,,,,,,
شبکه,پایگاه داده,امور فنی,,,,,,,,,,,,
Wordpress,woocommerce,Responsive Design,PSD,jQuery,Javascript,PHP,CSS,HTML,,,,,,
 Front-end,jQuery,Javascript,CSS,HTML,,,,,,,,,,
C#, SQL,,,,,,,,,,,,,
Wordpress,CSS,UI,,,,,,,,,,,,
,,,,,,,,,,,,,,
پشتیبانی,پشتیبانی نرم افزار, SQL,,,,,,,,,,,,
Back-end,Linux,Javascript,Nodejs,PostgreSQL, Git,JS,REST API,,,,,,,
امور فنی,CCNP,Switching,Juniper,MySQL,NoSQL,,,,,,,,,
.NET,C#,Devexpress,Dapper.net,MSSQL Server,.NET Framework ,,,,,,,,,
Javascript,jQuery,Bootstrap,CSS3,HTML5,typescript,,,,,,,,,
Front-end,ReactJS,CSS,HTML,Javascript, Git,,,,,,,,,
Java,PrimeFaces,spring framework,Hibernate,,,,,,,,,,,
 Front-end,typescript, Git,JS,CSS,HTML,,,,,,,,,
کارآموزی,پشتیبانی سایت,,,,,,,,,,,,,
 SEO,GOOGLE ANALYTICS,Google Adwords ,google webmaster,SEO Off Page,,,,,,,,,,
.NET Framework ,#C,Entity Framework, OOP,,,,,,,,,,,
 SQL,Query,,,,,,,,,,,,,
Full-stack, OOP,API, SQL,,,,,,,,,,,
 Scrum,UML,,,,,,,,,,,,,
کارآموزی,react native,,,,,,,,,,,,,
Python,TDD, OOP,Django,RESTful,,,,,,,,,,
UI/UX,zepline,Adobe XD,Responsive Design,,,,,,,,,,,
کارآموزی,Golang,,,,,,,,,,,,,
Laravel,MySQL,PHP,HTML5,CSS3,RestFul API, Git,,,,,,,,
C#,Back-end,OOP,Domain Driven Design,,,,,,,,,,,
.NET,ASP.NET Core,ASP.NET MVC,Asp.net WebForm,,,,,,,,,,,
Back-end,Linux,GNU-Linux,JS,CSS,HTML,Python,Django,,,,,,,
,,,,,,,,,,,,,,
RestFul API,Laravel,PHP, SQL,,,,,,,,,,,
Back-end, SQL,NoSQL,Framework,,,,,,,,,,,
 Front-end,jQuery,AngularJS,REST API, SASS,,,,,,,,,,
Laravel,PHP,MySQL,Design Patterns,MVC, OOP,,,,,,,,,
react native,ReactJS,MySQL, Git,,,,,,,,,,,
IOS,Swift,Web Services,Auto Layout,Realm,SnapKit, Git,OOP,,,,,,,
react native,Redux, Front-end,HTML5,CSS3,Bootstrap, SASS,,,,,,,,
,,,,,,,,,,,,,,
Full-stack,Javascript,HTML,CSS,MVC, OOP,,,,,,,,,
Android,Java,RestFul API,UI  UX,,,,,,,,,,,
پشتیبانی فنی,میزبانی وب,plesk,whmcs,,,,,,,,,,,
Javascript,HTML,CSS, Git,,,,,,,,,,,
Android,React-Native,,,,,,,,,,,,,
react native,ES6,,,,,,,,,,,,,
PHP, SQL,CSS,HTML,Javascript,,,,,,,,,,
Javascript,C#, OOP,REST API,HTML5,CSS3,,,,,,,,,
Object Oriented,MVC,WPF,.NET,C#,,,,,,,,,,
MVC,ASP.NET,Angular, OOP,,,,,,,,,,,
PHP,Laravel Framework,,,,,,,,,,,,,
PHP,MySQL,,,,,,,,,,,,,
JAVA EE,معماری سرویس گرا, CSS,Javascript,,,,,,,,,,,
برنامه نویسی موبایل,react native,Responsive Design,HTML,CSS,Javascript,,,,,,,,,
CSS,HTML,Javascript,Bootstrap,ReactJS,Angular,,,,,,,,,
,,,,,,,,,,,,,,
تحلیل سیستم,مستندسازی,,,,,,,,,,,,,
پردازش تصویر,MATLAB,OpenCV,,,,,,,,,,,,
 Front-end,HTML,Javascript,CSS,Angular,,,,,,,,,,
Back-end,Node.js,NoSQL,,,,,,,,,,,,
DevOps,Linux,,,,,,,,,,,,,
Wordpress,,,,,,,,,,,,,,
Web Services,,,,,,,,,,,,,,
ReactJS,Redux,Axios,HTML,CSS,,,,,,,,,,
دیجیتال مارکتینگ,SEO,Google Analytics ,Google Adwords ,Email Marketing,Microsoft Office ,,,,,,,,,
Web Services,C#,WPF,,,,,,,,,,,,
React.js, SASS,Graphql,Single Page Application, Front-end,,,,,,,,,,
هوش مصنوعی ,Python,,,,,,,,,,,,,
UI  UX,,,,,,,,,,,,,,
Back-end,Python,Django,DevOps,,,,,,,,,,,
CSS3,Photoshop,Wordpress,HTML5,woocommerce, SEO,Bootstrap,,,,,,,,
Angular,Javascript,RestFul API,,,,,,,,,,,,
#C,.NET Framework , SQL,,,,,,,,,,,,
HTML,jQuery,CSS,Bootstrap,Javascript,,,,,,,,,,
Full-stack, Git,Javascript,RestFul API,Java,,,,,,,,,,
 Front-end,git,Javascript,CSS,HTML,TFS,,,,,,,,,
Back-end,MySQL,PHP,Yii2 Framework,,,,,,,,,,,
Front-end,کارآموزی,,,,,,,,,,,,,
Design Patterns,Java, Git,Bootstrap,Unit Testing,JSF,Full-stack,,,,,,,,
مدیریت سایت,PHP,Wordpress,JS,jQuery,CSS,Bootstrap,,,,,,,,
,,,,,,,,,,,,,,
.NET Core,C#, OOP,,,,,,,,,,,,
Back-end,Javascript,ES6,MongoDB,,,,,,,,,,,
Wordpress,PHP,HTML,,,,,,,,,,,,
Javascript,React.js,HTML, SASS,CSS,Bootstrap,RESTful,ES6, Git,,,,,,
کارآموزی,react native,,,,,,,,,,,,,
کارآموزی,Wordpress,,,,,,,,,,,,,
,,,,,,,,,,,,,,
Android,RestFul API,Kotlin,Websocket, OOP,,,,,,,,,,
JAVA EE,Java Core,Design Patterns,J2EE,Hibernate,jpa,,,,,,,,,
کارآموزی,تست نرم افزار,,,,,,,,,,,,,
ES6,Node.js, Git,Server Administration,,,,,,,,,,,
Wordpress,CSS3,HTML5,jQuery,Javascript,,,,,,,,,,
Python,Javascript,jQuery,CSS3,HTML5,,,,,,,,,,
react native,HTTP,,,,,,,,,,,,,
Redux,ReactJS,Nodejs,Axios,React, SASS,CSS3,HTML5,Javascript,,,,,,
SSIS,Sql Server,Data Warehouse,bi,T-SQL,,,,,,,,,,
 Front-end,AngularJS,jQuery,CSS,Javascript,Bootstrap,,,,,,,,,
گرافیست,Photoshop,نرم افزار فلش,,,,,,,,,,,,
پشتیبانی,پشتیبانی نرم افزار,,,,,,,,,,,,,
Java, SQL,orm,Framework,Object Oriented,,,,,,,,,,
ASP.NET Core,ASP.NET MVC,ASP.NET,,,,,,,,,,,,
MVC,Entity Framework,Sql Server,,,,,,,,,,,,
پردازش تصویر,,,,,,,,,,,,,,
 WordPress, PHP, JavaScript,CSS,HTML,SEO,,,,,,,,,
CSS3,HTML5,Javascript,React,Redux,,,,,,,,,,
پشتیبانی,پشتیبانی نرم افزار,++C,,,,,,,,,,,,
HTML5,CSS3,CSS,Javascript,React.js,Redux,,,,,,,,,
Pl/sql,oracle,,,,,,,,,,,,,
 Front-end,Angular, Git,ES6,RxJs,,,,,,,,,,
PHP,Wordpress,HTML,CSS,jQuery,ووکامرس,,,,,,,,,
Java,Core,J2EE,,,,,,,,,,,,
,,,,,,,,,,,,,,
کارآموزی,هوش تجاری,Business Inteligence,,,,,,,,,,,,
برنامه نویسی وب,Javascript,HTML,,,,,,,,,,,,
برنامه نویسی وب,MVC,HTML,jQuery,,,,,,,,,,,
NET.,#C,.NET Framework ,Object Oriented Analysis,WPF,WCF,Entity Framework,Linq,Sql Server,Unit Testing,git,,,,
Back-end,Django,Python,API,HTTP, SQL,,,,,,,,,
MVC,.NET, C#,TFS,Continuous Deployment,,,,,,,,,,
,,,,,,,,,,,,,,
C++, ARM,Embedded Developer ,,,,,,,,,,,,
کارآموزی, WordPress,,,,,,,,,,,,,
Phyton,anomaly,,,,,,,,,,,,,
C#,Javascript,,,,,,,,,,,,,
 SEO,google webmaster,Google Analytics ,Wordpress,Copywriting,اصول نگارشی ,تولید محتوا,,,,,,,,
C#,Unity3D, Game Development,,,,,,,,,,,,
IOS,Swift,xib,iOS Human Interface Guidelines, Git,,,,,,,,,,
PHP,Laravel,Object Oriented,MVC,MySQL,API,Databases,,,,,,,,
Laravel,PHP,MVC,MySQL,,,,,,,,,,,
 Scrum,BPMN,تهیه گزارش ,,,,,,,,,,,,
UI  UX,طراحی,Design Patterns,Illustrator,Photoshop,Adobe XD,,,,,,,,,
ASP.NET Core,Angular,WebAPI, AJAX,CSS,Javascript,jQuery,,,,,,,,
Node.js,MongoDB,MySQL,REST API,express.js,,,,,,,,,,
تحلیل سیستم,پایگاه داده,مدلسازی,Visual Paradigm,,,,,,,,,,,
پشتیبانی نرم افزار,Sql Server,,,,,,,,,,,,,
.NET, OOP,MSSQL Server,,,,,,,,,,,,
پایگاه داده,Sql Server,MySQL,oracle,مستندسازی,,,,,,,,,,
PHP,MySQL, OOP, Git,,,,,,,,,,,
,,,,,,,,,,,,,,
CSS3,HTML5,JS,Bootstrap, Front-end,,,,,,,,,,
Full-stack,Javascript, jQuery,RestFul API,TDD,,,,,,,,,,
Android,Android Studio, Git,,,,,,,,,,,,
 Front-end,React,Javascript,jQuery,HTML5,CSS3,,,,,,,,,
Java,HTML,CSS,Javascript,PrimeFaces,,,,,,,,,,
.NET,Javascript,jQuery,CSS3,HTML5,Sql Server,ASP.NET,,,,,,,,
پشتیبانی سایت,HTML,CSS,Wordpress,,,,,,,,,,,
Java, OOP,Spring MVC,oracle,,,,,,,,,,,
RESTful,RestFul API,Redux,vue.js,MySQL,Back-end,,,,,,,,,
Full-stack,C#, OOP,SOLID,RestFul API, JavaScript,Javascript,,,,,,,,
مدیریت محصول,توسعه نرم افزار,agile,,,,,,,,,,,,
Service Desk,NoSQL,icdl,,,,,,,,,,,,
React,Angular,CSS,HTML,,,,,,,,,,,
Back-end,C#,SOA,orm,API,,,,,,,,,,
برنامه نویسی اپلیکیشن,Flutter,dart,,,,,,,,,,,,
PHP,Laravel,MySQL,,,,,,,,,,,,
 Front-end,Javascript,Angular,HTML,CSS,,,,,,,,,,
Back-end,.NET,C#,ASP.NET Core,REST,,,,,,,,,,
Android,Java,Android SDK,RestFul API, Git,,,,,,,,,,
#C,C#.Net, OOP,MSSQL Server,,,,,,,,,,,
Node.js,ES6,MySQL,MongoDB,,,,,,,,,,,
,,,,,,,,,,,,,,
Java,Java Core,,,,,,,,,,,,,
Java,Restfull API,Web Services,Hibernate,spring framework,,,,,,,,,,
 Front-end,Javascript,ES6,CSS,HTML,,,,,,,,,,
طراحی سایت,Wordpress,Joomla,,,,,,,,,,,,
UX/UI,Sketch,Usability Test,Persona,userflow,storyboard,,,,,,,,,
.NET,MVC,ارائه گزارش,,,,,,,,,,,,
ASP.NET, OOP,Sql Server,Javascript,jQuery,Angular,React,,,,,,,,
Python,pyqt,,,,,,,,,,,,,
UI,HTML,Javascript,CSS, SASS,React,,,,,,,,,
PHP,MySQL,MVC, Git,Linux,Full-stack,,,,,,,,,
QA,SCRUM,agile,,,,,,,,,,,,
طراحی,UI/UX,,,,,,,,,,,,,
ASP.NET,#C,Entity Framework,SQLSERVER,,,,,,,,,,,
Jira,Project Management,agile, Scrum,مدیریت پروژه,,,,,,,,,,
IOS,MVVM,Frameworks,RESTful APIs , JSON,APIs,,,,,,,,,
Javascript,ReactJS,C#,CSS,HTML5,MVC,,,,,,,,,
کارآموزی,طراحی سایت,,,,,,,,,,,,,
Wordpress,CSS,jQuery, SEO,,,,,,,,,,,
Full-stack,PHP,RestFul API,Laravel Framework,HTML,Bootstrap,jQuery,Blade ,CSS,,,,,,
HTML,CSS,Bootstrap,Javascript,,,,,,,,,,,
Unity,C#, OOP,,,,,,,,,,,,
,,,,,,,,,,,,,,
CSS,HTML,UI,Responsive,Javascript,jQuery,,,,,,,,,
Back-end,API,Python,Node.js,Javascript, Scrum,Agile Development,,,,,,,,
HTML,CSS, SASS,Javascript,PHP,Bootstrap,,,,,,,,,
Wordpress,OpenCart,Debuggin,HTML,,,,,,,,,,,
Wordpress,Visuall Composer,jQuery,CSS,HTML, SEO,,,,,,,,,
Python,C++,Linux, ARM, AVR,,,,,,,,,,
UI  UX, Wireframes,Prototype,User Interface,HTML, Front-end,CSS,,,,,,,,
Software Testing,تست نرم افزار,PHP,git,,,,,,,,,,,
Javascript,HTML,CSS,ES6,,,,,,,,,,,
Prototype,Mockup, Wireframes,Sketch,Design Patterns,Photoshop,Invision,Balsamiq,Azure,Responsive Web Design,Javascript,CSS,HTML,,
PHP,MVC,Object Oriented,NoSQL,Entity Framework, OOP,Sql Server,,,,,,,,
Full-stack,PHP,Laravel,Yii,MySQL,PostgreSQL,,,,,,,,,
C#,Windows application,EF,,,,,,,,,,,,
Microsoft Excel,امور فنی,,,,,,,,,,,,,
PHP,Back-end,HTML,CSS,Bootstrap,,,,,,,,,,
 PHP, Git,MVC,,,,,,,,,,,,
پشتیبانی فنی,Hosting,پشتیبانی,مدیریت سرور,,,,,,,,,,,
Digital Marketing ,تولید محتوا,شبکه های اجتماعی,,,,,,,,,,,,
Jira,ITIL ,agile,,,,,,,,,,,,
woocommerce,PHP,MySQL,jQuery,Javascript,CSS,HTML,,,,,,,,
پشتیبانی فنی,+NETWORK,Troubleshooting,,,,,,,,,,,,
 Front-end,Node.js,ecmascript,express.js,,,,,,,,,,,
 Front-end,CSS,HTML,Javascript,,,,,,,,,,,
,,,,,,,,,,,,,,
طراحی سایت,CSS,HTML,,,,,,,,,,,,
 Front-end,CSS3,HTML5, JavaScript,Responsive,,,,,,,,,,
#C,ASP.Net Mvc Core, OOP,Design Patterns,Entity Framework,Javascript,CSS,HTML,,,,,,,
Delphi,,,,,,,,,,,,,,
Android,Java,REST API,,,,,,,,,,,,
کارآموزی,طراحی سایت,,,,,,,,,,,,,
UI  UX,Sketch,figma,Adobe XD,,,,,,,,,,,
,,,,,,,,,,,,,,
PHP, OOP,Laravel,MySQL,,,,,,,,,,,
IT,.NET, MySQL,Sql Server, SQLite,,,,,,,,,,
ASP.NET Core,.NET Core,Entity Framework,Sql Server,RestFul API,,,,,,,,,,
Android Studio, Xcode,Swift, Objective-C,,,,,,,,,,,
GIS,Databases,PostGis,,,,,,,,,,,,
Sql Server,C#,ASP.NET MVC,Javascript,HTML5,CSS,Bootstrap,,,,,,,,
 Front-end,ES6,Node.js,,,,,,,,,,,,
Sql Server,ASP.NET MVC,,,,,,,,,,,,,
UI,HTML5,CSS3,Javascript,,,,,,,,,,,
TSQL, Scrum,,,,,,,,,,,,,
react native, Front-end,ES6, Git,,,,,,,,,,,
 C++,socket,Threading,,,,,,,,,,,,
Back-end,Django,Flask,SOAP,,,,,,,,,,,
Java,spring,oracle,,,,,,,,,,,,
noc,Troubleshooting,LPIC1,CCNA,شبکه,,,,,,,,,,
Python,Javascript,,,,,,,,,,,,,
.NET,C#,oracle,Sql Server,,,,,,,,,,,
PHP,Laravel,MySQL,Vuejs,JS, SASS,CSS,HTML,MVC,,,,,,
Javascript,C#,Entity Framework,TSQL,jQuery,,,,,,,,,,
HTML,CSS,Javascript,jQuery,Bootstrap,,,,,,,,,,
C#,ASP.NET,webform,,,,,,,,,,,,
ASP.NET MVC,Javascript,Entity Framework,Sql Server,T-SQL,,,,,,,,,,
Wordpress,CSS,PHP,HTML5,CSS3,jQuery,Javascript,MySQL,,,,,,,
Python,speech processing,,,,,,,,,,,,,
,,,,,,,,,,,,,,
C#,ASP.NET, SQL,,,,,,,,,,,,
Android,Kotlin, OOP,SOLID,,,,,,,,,,,
PHP, OOP,RestFul API,,,,,,,,,,,,
ASP.NET Core,Entity Framework,HTML5,MSSQL Server,,,,,,,,,,,
.NET,MVC,ASP.NET,#C,,,,,,,,,,,
کارآموزی,برنامه نویسی وب,,,,,,,,,,,,,
 Front-end,CSS3,Bootstrap,,,,,,,,,,,,
C#,ASP.NET,Web API,Entity Framework,.NET,,,,,,,,,,
,,,,,,,,,,,,,,
Javascript,Python,Full-stack,,,,,,,,,,,,
.NET,ASP.NET,Sql Server,JS,jQuery,HTML,CSS,,,,,,,,
Angular,typescript,ES6,Javascript,,,,,,,,,,,
کارآموزی,DevOps,,,,,,,,,,,,,
 SQL,T-SQL,Sql Server,,,,,,,,,,,,
Back-end,HTML5,jQuery,CSS3,#C,OOP,,,,,,,,,
Wordpress,CSS3,Javascript,CSS,,,,,,,,,,,
Android,REST API,HTTP,Java,,,,,,,,,,,
PHP,Laravel,APIs, AJAX,Node.js,jQuery,CSS3,Bootstrap,,,,,,,
Python,Linux,Back-end,,,,,,,,,,,,
MySQL,PHP,Javascript,jQuery,CSS3,HTML5,,,,,,,,,
CSS,HTML,Angular,Bootstrap,ES6,Javascript,jQuery, SASS,,,,,,,
Java,Spring Boot,jpa,,,,,,,,,,,,
Java,JAVA EE,JSF,spring,,,,,,,,,,,
فروش و بازاریابی,اصول و فنون مذاکره,,,,,,,,,,,,,
HTML,CSS,jQuery,JS, Front-end,,,,,,,,,,
react native,IOS,Android,Responsive,,,,,,,,,,,
Android,Java,native,Android Studio,Android SDK,,,,,,,,,,
PHP,MySQL,SOLID, Git,,,,,,,,,,,
CTO,مدیریت فنی,Back-end, Front-end,,,,,,,,,,,
Wordpress,HTML,CSS,jQuery,Javascript,Bootstrap,,,,,,,,,
REST API,NET Core.,C#,NoSQL,Sql Server,,,,,,,,,,
,,,,,,,,,,,,,,
C#,Javascript, OOP, AJAX, SQL,HTML,ASP.NET MVC,,,,,,,,
Laravel Framework, Git,PHP,MySQL,,,,,,,,,,,
Java,jpa,MySQL,Back-end,,,,,,,,,,,
C#,Back-end,ASP.NET MVC,T-SQL,RestFul API, OOP,jQuery,,,,,,,,
Back-end,RestFul API,Redis,Laravel,MySQL,PHP,,,,,,,,,
UI/UX,Illustrator,Photoshop,Sketch,,,,,,,,,,,
,,,,,,,,,,,,,,
Back-end,.NET,C#,ASP.NET Core,Entity Framework Core, Git,,,,,,,,,
AngularJS,React,,,,,,,,,,,,,
.NET,ASP.NET WebFrom,ASP.NET MVC,Entity Framework,jQuery,Javascript,,,,,,,,,
کارآموزی,برنامه نویسی وب,,,,,,,,,,,,,
#C,WebAPI,MVC,ASP.NET,T-SQL,,,,,,,,,,
Back-end,PHP,Redis,MySQL,MongoDB, Git,,,,,,,,,
تحلیل نرم افزار,Microsoft Word,UML,BPMN2,,,,,,,,,,,
PHP,,,,,,,,,,,,,,
MySQL,PHP,Laravel,jQuery,Javascript,CSS,HTML,,,,,,,,
Java,OOP,Hibernate,jpa,,,,,,,,,,,
کارآموزی,PHP,,,,,,,,,,,,,
PHP,Laravel,Nodejs,Android Studio, Xcode,Swift,,,,,,,,,
Sql Server,T-SQL, OOP,ado.net,Entity Framework,WinForm,C#,,,,,,,,
ASP.NET MVC,#C,Design Patterns, OOP,Entity Framework,Microsoft SQL Server ,Web API,,,,,,,,
پشتیبانی نرم افزار,استقرار نرم افزار,Databases,Microsoft Office , SQL,,,,,,,,,,
PHP,API,MySQL, AJAX,jQuery,Javascript,Bootstrap,CSS3,Responsive Design,,,,,,
کارآموزی,Android,,,,,,,,,,,,,
 Front-end,HTML,Responsive,CSS,Bootstrap,jQuery,,,,,,,,,
تحلیل داده,هوش تجاری,SSIS,Sql Server,,,,,,,,,,,
عکاسی صنعتی,ویرایش عکس,,,,,,,,,,,,,
Linux,Qt,C, C++,,,,,,,,,,,
PHP,Laravel,Javascript,,,,,,,,,,,,
API,SOA,Web Services,CSS,Javascript,,,,,,,,,,
,,,,,,,,,,,,,,
طراحی گرافیک,Photoshop,corel,طراحی لوگو,,,,,,,,,,,
Front-end,CSS,HTML,Javascript,,,,,,,,,,,
PHP,Laravel Framework,MySQL, OOP,MVC,TDD,JS,HTML,,,,,,,
Wordpress,ووکامرس,ماژول نویسی,,,,,,,,,,,,
Android,Android Studio,IOS, Xcode, Git,,,,,,,,,,
PHP,Laravel,MySQL, OOP,MVC,RESTful,API,,,,,,,,
bi, SQL,MySQL,Python, Data Mining,,,,,,,,,,
Java,RESTful, Git,,,,,,,,,,,,
 Scrum,agile,مستندسازی,,,,,,,,,,,,
icdl,عیب یابی,,,,,,,,,,,,,
 Front-end,MVC,Bootstrap,ES6,Redux,React,,,,,,,,,
Wordpress,PHP,CSS,HTML,jQuery,API,,,,,,,,,
CSS,HTML, SASS,Javascript,ReactJS,Framework,Angular,,,,,,,,
react native,HTML,CSS,Angular,Javascript,,,,,,,,,,
.NET,ASP.NET Core,Bootstrap 4,,,,,,,,,,,,
تحلیل سیستم,مستندسازی,,,,,,,,,,,,,
,,,,,,,,,,,,,,
 SEO,GOOGLE ANALYTICS,شبکه های اجتماعی,,,,,,,,,,,,
تولید محتوا,Wordpress,سئو,,,,,,,,,,,,
طراحی گرافیک,Photoshop,Adobe XD,,,,,,,,,,,,
HTML5,Javascript,React.js,REST API, Git,CSS,CSS3,,,,,,,,
 OOP,spring,RESTful,Web Services,Hibernate,jpa,,,,,,,,,
 SEO,GOOGLE ADWORDS,Google Analytics ,Content Marketing,Wordpress,,,,,,,,,,
 Front-end,HTML,HTML5,CSS,CSS3,,,,,,,,,,
Product Owner, Scrum,مستندسازی,,,,,,,,,,,,
Data science, SQL,NoSQL,MongoDB,Javascript,Python,,,,,,,,,
API,Python,PHP,C++,C,SCRUM,Kanban,git,,,,,,,
Java,Android,Android Studio,Android SDK,,,,,,,,,,,
Wordpress,Joomla,HTML5,CSS3,jQuery,Javascript,,,,,,,,,
Back-end,Python,PHP,C,C++,,,,,,,,,,
Javascript,CSS,HTML,ES6,ES7,vue.js,react native,SCSS, SASS, Git,React.js,,,,
,,,,,,,,,,,,,,
شبکه های اجتماعی,Photoshop,طراحی کمپین‌های تبلیغاتی,تولید محتوا,,,,,,,,,,,
Wordpress,Help Desk,,,,,,,,,,,,,
 Front-end,HTML5,CSS3,jQuery,Javascript,,,,,,,,,,
امور فنی,مديريت پروژه چابک,مدیریت فنی,,,,,,,,,,,,
ReactJS,Javascript,ES6,Redux,HTML5,CSS3,,,,,,,,,
Wordpress,Javascript,CSS,HTML,PHP,,,,,,,,,,
Back-end, OOP,ASP.NET Core,Web API, Git,,,,,,,,,,
 Front-end,Node.js,Angular, JavaScript,HTML,CSS, Git,,,,,,,,
 OOP,Android,,,,,,,,,,,,,
Angular,CSS,HTML,typescript,angular 6,,,,,,,,,,
کارآموزی, SEO,,,,,,,,,,,,,
,,,,,,,,,,,,,,
 SEO,SEO On Page,SEO Off Page,GOOGLE ANALYTICS,Content Marketing,Wordpress,,,,,,,,,
Android,IOS,Android Studio,react native,Flutter,,,,,,,,,,
Back-end,Python,Django, OOP,,,,,,,,,,,
IOS,Swift, Objective-C, Xcode,,,,,,,,,,,
Wordpress,PHP,jQuery,Bootstrap, MySQL,RESTful,plugin,,,,,,,,
AngularJS,Javascript,RestFul API,HTML5,CSS3,,,,,,,,,,
Back-end,C#,.NET Core,git,Entity Framework,Design Patterns,Sql Server,,,,,,,,
React,Javascript,ecmascript,Babel,RestFul API,,,,,,,,,,
 Java, OOP,UML,++C,#C,مستندسازی,گزارش نویسی,,,,,,,,
ASP.NET MVC,C#,Entity Framework, SQL,,,,,,,,,,,
Android,Android Studio,Java,REST API,,,,,,,,,,,
Wordpress,Google Analytics ,webmaster,,,,,,,,,,,,
SPA,Angular,ASP.NET MVC,EntityFramework,Sql Server,HTML,CSS,Bootstrap,jQuery, AJAX,,,,,
کارآموزی, Front-end,,,,,,,,,,,,,
پشتیبانی نرم افزار, SQL,Microsoft Office ,ارتباط با مشتریان و پشتیبانی,,,,,,,,,,,
Sql Server,database,DBA,,,,,,,,,,,,
UI  UX,Material Design,Javascript,CSS3,HTML5,,,,,,,,,,
jms,Continuous Deployment,Version Control,Java Core,spring framework,Spring Batch,,,,,,,,,
پشتیبانی نرم افزار,استقرار نرم افزار,Sql Server,,,,,,,,,,,,
 Front-end,HTML5,CSS3,Javascript,Framework,,,,,,,,,,
,,,,,,,,,,,,,,
PHP,MySQL,MVC,Laravel, Git,,,,,,,,,,
Design Patterns,Java, Git,ReactJS,Javascipt,Unit Testing,Hibernate,spring framework,,,,,,,
STM32,Xilinx,,,,,,,,,,,,,
Back-end,MySQL,Laravel Framework, OOP,MVC,RESTful, Git,,,,,,,,
تحلیل گر کسب و کار, Scrum,Visual Paradigm,Enterprise Architect,,,,,,,,,,,
Wordpress,PHP,HTML,CSS,jQuery,,,,,,,,,,
 SQL,پشتیبانی نرم افزار,Microsoft Office ,CRM,,,,,,,,,,,
Linux,C++, Git,,,,,,,,,,,,
CI/CD,DevOps,Python,Jenkins,,,,,,,,,,,
ASP.NET MVC,C#,jQuery,Entity Framework,Javascript,MVC, AJAX,,,,,,,,
Back-end,PHP,MySQL, OOP,Javascript, AJAX, JSON,XML,HTML,CSS, Git,,,,
HTML5,CSS3,Python,,,,,,,,,,,,
استقرار نرم افزار, SQL,Microsoft Office ,,,,,,,,,,,,
پاپ آپ,فرآیند قیمت‌گذاری,ووکامرس,وردپرس,,,,,,,,,,,
,,,,,,,,,,,,,,
استقرار نرم افزار, SQL,Microsoft Office ,,,,,,,,,,,,
Android,SOLID,Object Oriented, OOP,,,,,,,,,,,
Wordpress,PHP,Cpanel,whm,,,,,,,,,,,
UML,C#.Net,Sql Server,jQuery,HTML,bpm,,,,,,,,,
#C,ASP.NET,jQuery,CSS,HTML,Sql Server,MySQL,,,,,,,,
 OOP,Design Patterns,SOLID,C#,Entity Framework,Full-stack,,,,,,,,,
Back-end,Javascript,HTML,CSS,ASP.NET,Python,Bootstrap,MSSQL Server,MVC,,,,,,
PHP, Front-end,Back-end,Wordpress,ووکامرس,,,,,,,,,,
,,,,,,,,,,,,,,
پشتیبانی هاستینگ,Cpanel,plesk,Databases,,,,,,,,,,,
پشتیبانی,پشتیبانی نرم افزار,Sql Server,,,,,,,,,,,,
Javascript,React.js,Responsive,ES7,ES6,,,,,,,,,,
Laravel,PHP,MySQL,Databases,MongoDB,Object Oriented,,,,,,,,,
Android, OOP,SOLID,Object Oriented,,,,,,,,,,,
MongoDB,Node.js,Javascript,UI  UX,React,Angular,,,,,,,,,
طراحی سایت,Javascript,jQuery,CSS,PHP,,,,,,,,,,
Javascript,CSS,HTML,Responsive,ReactJS,Bootstrap, Front-end,,,,,,,,
.NET,C#,Web API, ASP.NET MVC,,,,,,,,,,,
PHP, OOP,Laravel,MySQL,CSS3,HTML5, AJAX,jQuery,Javascript,REST API,SOAP, JSON,XML, Git,
scrum mastering,توسعه نرم افزار,SAFE,Less,xp,,,,,,,,,,
Javascript,CSS,HTML,Flutter,AureliaJS,,,,,,,,,,
Back-end,RESTful,Web Services,RPC,API,,,,,,,,,,
Javascript,CSS,HTML, Front-end,,,,,,,,,,,
IOS,UIKIT,Realm, Git,Swift, Objective-C,,,,,,,,,
تست نرم افزار,,,,,,,,,,,,,,
Wordpress,PHP,HTML,jQuery,Responsive,,,,,,,,,,
CSS,HTML,Javascript,Angular,,,,,,,,,,,
استقرار نرم افزار,تست نرم افزار,,,,,,,,,,,,,
 Front-end,Angular 2,SPA,Responsive,,,,,,,,,,,
پایگاه داده, SQL,jQuery,,,,,,,,,,,,
C++,Databases,HTML,Javascript,CSS,,,,,,,,,,
Linux,Bash,Python,PostgreSQL,MySQL,Docker,Nginx,ESX,OpenStack,,,,,,
,,,,,,,,,,,,,,
Bootstrap,HTML,CSS,,,,,,,,,,,,
C++,Javascript,HTML,CSS,,,,,,,,,,,
React,vue.js,Redux,RestFul API, JSON,,,,,,,,,,
توسعه نرم افزار, Software Development,,,,,,,,,,,,,
Java,J2EE,Java Core,spring security,Spring Boot,spring framework,Hibernate,jpa,RabbitMQ,Docker,git,Version Control,,,
IOS, Git, Objective-C, Xcode,,,,,,,,,,,
 Front-end,HTML,CSS,Javascript, SASS,Less,Nodejs,Vuejs,Bootstrap,,,,,,
ASP.NET,C#,Sql Server,Javascript,,,,,,,,,,,
پشتیبانی,پشتیبانی سایت, SEO,GOOGLE ANALYTICS,Photoshop,,,,,,,,,,
#C,ASP.NET,Javascript,jQuery,,,,,,,,,,,
Phyton,PHP,Javascript,,,,,,,,,,,,
Front-end,HTML,CSS, Git,,,,,,,,,,,
magento,PHP, OOP,Javascript, AJAX,CSS,Less,,,,,,,,
Python,HTML,CSS, SQL,MySQL,,,,,,,,,,
,,,,,,,,,,,,,,
 SEO,Google Trends,keyword planner,تولید محتوا,,,,,,,,,,,
Full-stack,Javascript,CSS3,HTML5,PHP,Laravel Framework,Vue JS,,,,,,,,
CSS,HTML,SCSS,Responsive,jQuery,,,,,,,,,,
Java,J2EE,orm,HTML,CSS,,,,,,,,,,
Back-end, LINQ,Entity Framework,MVVM,MVC,Sql Server,,,,,,,,,
PHP,Laravel Framework,HTML,jQuery,CSS,,,,,,,,,,
کارآموزی,Back-end,PHP,,,,,,,,,,,,
,,,,,,,,,,,,,,
 PHP,Laravel,API,MySQL,,,,,,,,,,,
Laravel,PHP,API, MySQL,,,,,,,,,,,
Back-end,MVC,HTML,Laravel,PHP,jQuery,Github,RestFul API, OOP,,,,,,
مدیریت پروژه,Nodejs,Javascript,ES6,ReactJS,Graphql, Git,,,,,,,,
کارآموزی,Full-stack,PHP,Laravel,,,,,,,,,,,
طراح اپلیکیشن موبایل,IOS,Android,,,,,,,,,,,,
prestashop, PHP,CSS,HTML,Javascript,jQuery,,,,,,,,,
Wordpress,MySQL,PHP,Bootstrap,,,,,,,,,,,
UI/UX,jQuery,HTML, SASS,CSS,Responsive,,,,,,,,,
 Front-end,React.js,HTML5,CSS3,Bootstrap,Javascript,,,,,,,,,
MVC,.NET Core,mssql,Javascript,,,,,,,,,,,
Wordpress,کارآموزی,,,,,,,,,,,,,
طراحی رابط کاربری-UI/UX,Sketch,Illustrator,Photoshop,Adobe XD,,,,,,,,,,
 Front-end,Angular,CSS,HTML,RestFul API,,,,,,,,,,
UI  UX,Javascript, CSS,Sketch,Adobe XD,jQuery,,,,,,,,,
Sysadmin, Scrum,agile,,,,,,,,,,,,
امنیت,شبکه,LPIC-1,esxi,OpenStack,,,,,,,,,,
 Front-end,HTML,CSS, SASS,jQuery,Javascript,Responsive,,,,,,,,
 Front-end,ReactJS,React-Native,CSS,RESTful APIs ,,,,,,,,,,
PHP,MVC,Framework,Laravel,MySQL, Git,Redis,,,,,,,,
UI/UX,Flat Design,Responsive Design,,,,,,,,,,,,
Back-end,Node.js,PHP,API,,,,,,,,,,,
PHP,HTML5,CSS3, OOP,MVC,Laravel,,,,,,,,,
PHP,API,MySQL,CMS,Javascript,,,,,,,,,,
,,,,,,,,,,,,,,
Databases,agile, Scrum,,,,,,,,,,,,
.NET,MVC,ASP.NET,WebAPI,,,,,,,,,,,
 WordPress,woocommerce,Responsive Design,Javascript,HTML,jQuery,CSS,,,,,,,,
QML,Qt,WPF,,,,,,,,,,,,
Java,Java Core,jsp,Hibernate,MVC,MySQL,Databases,Troubleshooting,,,,,,,
PHP,git,TDD,MongoDB,RDBMS, OOP,MySQL,Laravel,MVC,,,,,,
,,,,,,,,,,,,,,
 Data Mining,Python, SQL,NoSQL,,,,,,,,,,,
C#,ASP.NET,Entity Framework,Sql Server,,,,,,,,,,,
HTML,CSS,Javascript,Bootstrap,Photoshop,طراحی وب,,,,,,,,,
CSS,HTML,ES6,Vue,React,C#,,,,,,,,,
امور فنی,IT,مديريت پروژه چابک, Git,CI/CD,Docker,,,,,,,,,
پشتیبانی نرم افزار,استقرار نرم افزار,Sql Server,windows server,,,,,,,,,,,
Django,Flask,jQuery,HTML5,CSS,JS,,,,,,,,,
C#,WPF,C++,,,,,,,,,,,,
Javascript,ReactJS,Redux,HTML5,CSS3,,,,,,,,,,
 SQL,NoSQL,Python,Java,,,,,,,,,,,
Data mining,Python, SQL,NoSQL,,,,,,,,,,,
Java,spring,RestFul API,,,,,,,,,,,,
تست نرم افزار,Postman,,,,,,,,,,,,,
 Front-end,ReactJS,Redux,Javascript,ecmascript,React,,,,,,,,,
Android,IOS,Android Studio,Java, OOP,REST API,,,,,,,,,
Back-end Development,Django,API,Object Oriented,NoSQL,MongoDB,,,,,,,,,
ReactJS,Javascript,HTML,CSS,,,,,,,,,,,
HTML5,CSS3,Javascript,Responsive Design,Bootstrap,,,,,,,,,,
UI  UX,Responsive Design,Flat Design,Adobe XD,,,,,,,,,,,
react native,React,Redux,,,,,,,,,,,,
MVC,ASP.NET MVC,#C,Entity Framework,SQL,Bootstrap,Javascript,jQuery,Web API,,,,,,
Back-end,C#,webservice,REST API,SOA,,,,,,,,,,
HTML,CSS,HTML5,CSS3,jQuery,Sql Server,,,,,,,,,
Android,Android Studio,Kotlin, Git,,,,,,,,,,,
,,,,,,,,,,,,,,
Wordpress,Responsive Design,PSD, Front-end,jQuery,CSS,,,,,,,,,
Android Studio,Android SDK,,,,,,,,,,,,,
Back-end,Node.js,Go,MongoDB,,,,,,,,,,,
LAMP, Front-end,Back-end,,,,,,,,,,,,
IOS,Cocoa Touch,Core Data,MVC,MVVM,,,,,,,,,,
Javascript, Front-end,Frameworks,,,,,,,,,,,,
C#,Microservices,MongoDB,Redis,kafka,Back-end,,,,,,,,,
Qt,C,C++,opengl,,,,,,,,,,,
ASP.NET,WCF,windows server,C#,,,,,,,,,,,
Java,core java,Object Oriented,spring framework,,,,,,,,,,,
 AJAX,Javascript,HTML,C#,Object Oriented,Sql Server,,,,,,,,,
liquid,Shopify,Template Engine,HTML5,Css5,,,,,,,,,,
Java,Kotlin,Android,MVVM,MVP, Git,,,,,,,,,
UI  UX,Material Design,Flat Design,,,,,,,,,,,,
Java,Spring Boot,Object Oriented,MySQL,,,,,,,,,,,
,,,,,,,,,,,,,,
VB6, SQL,.NET,,,,,,,,,,,,
Android,Android SDK,Java,Material Design, OOP,,,,,,,,,,
 Front-end,HTML5,CSS3,Javascript,jQuery,React.js,Bootstrap,,,,,,,,
Android,HTML5,Javascript,Bootstrap,,,,,,,,,,,
پایگاه داده,Pl/sql,oracle,,,,,,,,,,,,
JAVA EE,Framework,Spring Boot,oracle,,,,,,,,,,,
,,,,,,,,,,,,,,
Java,Android,Android Studio,Material Design,,,,,,,,,,,
React,Javascript,HTML5,CSS3,,,,,,,,,,,
react native,JS,ES6,Redux, Git,webpack,Babel,,,,,,,,
تست نرم افزار,Pl/sql,Java,,,,,,,,,,,,
React,react native,Redux,,,,,,,,,,,,
برنامه‌نویسی,Java,core java,Hibernate, AJAX,CSS,Javascript,,,,,,,,
react native,Redux, OOP,RestFul API,,,,,,,,,,,
IOS, Git,Swift,,,,,,,,,,,,
Django,Back-end,Design Patterns,,,,,,,,,,,,
Python,Javascript,HTML,Sql Server,Service Oriented,,,,,,,,,,
پشتیبانی نرم افزار,نصب نرم افزار,,,,,,,,,,,,,
Back-end,Laravel, OOP,Web Services,,,,,,,,,,,
پشتیبانی,پشتیبانی نرم افزار,Microsoft SQL Server ,,,,,,,,,,,,
PHP,Laravel,MVC,Solid Principles,MySQL,,,,,,,,,,
پشتیبانی نرم افزار,Microsoft Excel,Microsoft Office ,,,,,,,,,,,,
MVC,ASP.NET MVC,.NET Framework ,Javascript,,,,,,,,,,,
IOS,react native,Swift, Git,,,,,,,,,,,
vue.js,CSS,HTML,Javascript,,,,,,,,,,,
Java,Android Studio,Android,JSON,react native,,,,,,,,,,
Asp mvc,MVC,Back-end,,,,,,,,,,,,
Java,Java SE,spring framework,Hibernate,jpa, Git,Maven,,,,,,,,
PHP,Laravel,git,Front-end,,,,,,,,,,,
Javascript,CSS,HTML,jQuery,Angular,JS,Bootstrap,,,,,,,,
Entity Framework,C#,Sql Server,ASP.NET MVC,Web API,ASP.NET,,,,,,,,,
,,,,,,,,,,,,,,
 Scrum,agile,,,,,,,,,,,,,
Java,Spring Boot,,,,,,,,,,,,,
HTML,CSS, JavaScript,jQuery, AJAX,Bootstrap, Git,,,,,,,,
PHP,,,,,,,,,,,,,,
 Front-end,HTML, CSS, Git,Bootstrap,,,,,,,,,,
PHP,Java,Android,,,,,,,,,,,,
,,,,,,,,,,,,,,
.NET,C#, OOP, Git,,,,,,,,,,,
HTML5,CSS,Javascript,PHP,,,,,,,,,,,
UI  UX, SASS,CSS3,HTML,Javascript,Angular 2,,,,,,,,,
PHP,MySQL,Laravel,,,,,,,,,,,,
 Front-end,Javascript,ES6,JSX,Less,CSS3,HTML5,ReactJS,REST API, Git,,,,,
Java,Bootstrap,REST,AOP,jpa,Hibernate,API,RDBMS,Maven,,,,,,
 Git,MongoDB,Graphql,Node.js,CSS,HTML,typescript,,,,,,,,
 Front-end,HTML,CSS,JS,REST,,,,,,,,,,
Java,REST,SOAP,J2EE,,,,,,,,,,,
مدیریت پروژه,استقرار نرم افزار,کنترل و نظارت,ارائه گزارش,pmbok,,,,,,,,,,
Java,RESTful,JUnit, Git,Spring Boot,jpa, SQL,MySQL,,,,,,,
,,,,,,,,,,,,,,
IOS,Auto Layout,Core Data,Swift,,,,,,,,,,,
#C,xamarin,OOP,NET.,HTML,Javascript,,,,,,,,,
Kotlin,Android Studio, JSON,REST,Android,,,,,,,,,,
Android,Android SDK,JUnit, JSON,RPC,REST, Git,,,,,,,,
ASP.NET,#C,RESTful,Design Patterns,,,,,,,,,,,
C#,C++,,,,,,,,,,,,,
Nodejs,Javascript,MVC,,,,,,,,,,,,
Android,Android Studio,MVP,REST API,,,,,,,,,,,
MVC,ASP.NET,WebAPI,mssql,EF,.NET,,,,,,,,,
C#,Redis,Postgres,,,,,,,,,,,,
 Front-end,HTML,CSS,SASS,Node.js,,,,,,,,,,
Python,C++,Linux,,,,,,,,,,,,
,,,,,,,,,,,,,,
Python,Django Framework,,,,,,,,,,,,,
C#,Sql Server,,,,,,,,,,,,,
Wordpress,PSD,REST API,PHP,CSS,jQuery,HTML,woocommerce,,,,,,,
Front-end,Javascript,HTML,CSS,typescript,,,,,,,,,,
Wordpress,jQuery,PHP,Javascript,CSS,HTML,woocommerce,Responsive Design,,,,,,,
 Android Development,Android Studio,Android SDK,Material Design,RestFul API,Java,,,,,,,,,
,,,,,,,,,,,,,,
C#,Javascript,Node.js,,,,,,,,,,,,
تست نرم افزار,مستندسازی,functional,تست non functional,,,,,,,,,,,
تجزیه و تحلیل,تحلیل سیستم, Scrum, OOP,Visual Paradigm,,,,,,,,,,
API,PHP,Wordpress,REST API,,,,,,,,,,,
Laravel,Node.js,MySQL,PHP,,,,,,,,,,,
Java, Git,RestFul API,MongoDB,,,,,,,,,,,
 Front-end,HTML5,CSS3,ES6,JS, SASS,,,,,,,,,
پشتیبانی نرم افزار, SQL,عیب یابی,پاسخگویی به مشتریان,,,,,,,,,,,
Android,Java,Android Studio, Scrum,,,,,,,,,,,
PHP,Python,Wordpress, Git,Node.js,,,,,,,,,,
React,Javascript,CSS,Bootstrap,HTML,,,,,,,,,,
ASP.NET,MVC,SQL,.NET Core,NoSQL,Web API,,,,,,,,,
google webmaster, SEO,HTML,CSS,PHP,,,,,,,,,,
ETL,Sql Server,OLAP,KPI,T-SQL,Python,Pandas,numpy,SSAS,SSIS,Power BI,,,,
Front-end Development,ES5,Grunt,Gulp,webpack,Version Control,,,,,,,,,
,,,,,,,,,,,,,,
HTML,CSS, SASS,Javascript,jQuery,,,,,,,,,,
 Front-end,HTML,CSS,Javascript,Bootstrap,Responsive,Vuejs,ReactJS,,,,,,,
 Front-end,CSS,HTML,jQuery,Javascript,Vuejs,React,Angular,Object Oriented,,,,,,
Android,RestFul API, JSON,Material Design,,,,,,,,,,,
Android,RestFul API,Android Studio,Java,,,,,,,,,,,
Back-end,.NET Core,CSS,jQuery,Javascript,HTML,,,,,,,,,
Wordpress,PHP,,,,,,,,,,,,,
 Front-end,HTML5,CSS3,Bootstrap,jQuery,Javascript,,,,,,,,,
 Front-end,UI/UX,,,,,,,,,,,,,
 Front-end,CSS3,HTML,React,Javascript,,,,,,,,,,
Back-end,Laravel Framework, OOP,SQLSERVER,Web API,,,,,,,,,,
IOS, Xcode,Swift,Auto Layout, JSON,,,,,,,,,,
Wordpress,Photoshop,مدیریت سایت,,,,,,,,,,,,
کارآموزی,C#,,,,,,,,,,,,,
 Front-end,Angular,Javascript,HTML5,CSS3,Responsive Web Design,,,,,,,,,
Node.js,,,,,,,,,,,,,,
PHP,Laravel,API,MySQL,Web Services,,,,,,,,,,
Wordpress,,,,,,,,,,,,,,
Python,,,,,,,,,,,,,,
تحلیل سیستم,طراحی پایگاه داده,Bizagi,Visual Paradigm,BPMN2,Prototype,,,,,,,,,
PHP,Laravel,lumen,Object Oriented,MVC,,,,,,,,,,
Nodejs,RestFul API,MySQL,MongoDB,,,,,,,,,,,
#C,ASP.NET MVC, OOP,SOLID,RESTfull,WebAPI,,,,,,,,,
React-Native,Javascript,JSX,ES6,ES5,React,Redux,Android,IOS,gitflow,Gitlab,TDD,,,
,,,,,,,,,,,,,,
C#,Sql Server,,,,,,,,,,,,,
تحلیلگر سیستم,مستندسازی,,,,,,,,,,,,,
Python,Docker,Linux,,,,,,,,,,,,
مدیریت فنی,Sql Server, OOP,,,,,,,,,,,,
PHP,API,MySQL,REST API,Wordpress,,,,,,,,,,
مدیریت محصول,تحلیل بازار,,,,,,,,,,,,,
,,,,,,,,,,,,,,
 Front-end,HTML,CSS,Bootstrap,Angular,,,,,,,,,,
Back-end, Git,Version Control, OOP,PHP,,,,,,,,,,
HTML,jQuery,MySQL,PHP,MVC,,,,,,,,,,
Android,ASP.NET,frontend,backend,,,,,,,,,,,
#C,ASP.NET, SQL,Design Pattern, OOP,Elasticsearch,,,,,,,,,
.NET,C#,ASP.NET MVC,MVC,Asp.net WebForm,,,,,,,,,,
Wordpress,Javascript,Responsive,,,,,,,,,,,,
C++, SQL,,,,,,,,,,,,,
PHP,MySQL,HTML5,CSS3,Symfony,,,,,,,,,,
CSS3,HTML5,jQuery,Bootstrap,Less, SASS,,,,,,,,,
Wordpress,MySQL,HTML5,CSS3,,,,,,,,,,,
UI/UX,طراحی وب,طراحی,CSS3,HTML5,jQuery,JS,Photoshop,Bootstrap,,,,,,
Golang,RestFul API,Object Oriented,MongoDB,,,,,,,,,,,
PHP, Git,jQuery,MySQL,Bootstrap,AngularJS,,,,,,,,,
ASP.NET MVC,MVC,Javascript, Git,.NET Framework ,Web API,,,,,,,,,
Node.js,Javascript,express.js,,,,,,,,,,,,
 Front-end,HTML,CSS,Wordpress,,,,,,,,,,,
 Front-end,JS,CSS,HTML,,,,,,,,,,,
Design Pattern,git,Back-end,,,,,,,,,,,,
C++,real time,,,,,,,,,,,,,
Wordpress,PHP,Bootstrap,jQuery,CSS,HTML,,,,,,,,,
UI,CSS3,HTML5,SASS,Responsive Web Design,Bootstrap 4,jQuery,,,,,,,,
Java, Android Development, Git,MVC,,,,,,,,,,,
Python,Django,MySQL,PostgreSQL,Redis,,,,,,,,,,
,,,,,,,,,,,,,,
طراحی سایت,وردپرس,HTML,CSS,PHP,,,,,,,,,,
مدیریت پروژه,agile, Scrum,کنترل پروژه,,,,,,,,,,,
PHP,Laravel,MySQL, OOP,,,,,,,,,,,
NoSQL,پایگاه داده,SQL,,,,,,,,,,,,
Sql Server,bi,Crystal Report,,,,,,,,,,,,
AngularJS,RestFul API,HTML,CSS, AJAX,Javascript,,,,,,,,,
Back-end,git,Maven,Hibernate,core java,,,,,,,,,,
Wordpress,بهینه سازی سایت,طراحی سایت,,,,,,,,,,,,
ASP.NET Core,Angular,ASP.NET MVC,#C,,,,,,,,,,,
PHP,Laravel,MVC,MySQL,JS,jQuery,,,,,,,,,
Front-end,AngularJS,HTML,CSS,Javascript,Bootstrap,,,,,,,,,
Django,Back-end, SQL,RestFul API, Git,Github,,,,,,,,,
IOS,Swift,,,,,,,,,,,,,
Javascript,Node.js, SQL,React,CSS,HTML,,,,,,,,,
,,,,,,,,,,,,,,
 Front-end,React,ReactJS,Redux,Responsive,SCSS,jQuery,,,,,,,,
تحلیل نرم افزار, Scrum,agile,مستندسازی,,,,,,,,,,,
Back-end,C#,MSSQL Server,ASP.NET,ASP .NET,MS SQL Server,,,,,,,,,
MVC,client,Angular,,,,,,,,,,,,
Android,Android Studio,C#.Net,asp,Laravel,Java,,,,,,,,,
DevOps,Linux,,,,,,,,,,,,,
jQuery,CSS,HTML5,Bootstrap,Javascript,,,,,,,,,,
CSS,HTML,ReactJS, Git,,,,,,,,,,,
Nodejs,Javascript,Frameworks, HTML5,CSS3,,,,,,,,,,
Swift,IOS,X-code,REST API,,,,,,,,,,,
React,react native,Redux,RestFul API,,,,,,,,,,,
RubyOnRails, SQL,NoSQL,Ruby Gems,,,,,,,,,,,
 OOP,Java,Kotlin,MVP,MVVM,RestFul API,,,,,,,,,
تست نرم افزار,Java,Web Services,Software Testing,,,,,,,,,,,
 Front-end,ux,UI,HTML5,CSS3,jQuery,Javascript,,,,,,,,
,,,,,,,,,,,,,,
 Front-end,Javascript,CSS,HTML,REST,React,Responsive,,,,,,,,
React,Python,Java,HTML,CSS,Javascript,Android,,,,,,,,
PHP,MySQL,Laravel,Symfony,,,,,,,,,,,
PHP, SQL,HTML,Google Analytics ,google webmaster,,,,,,,,,,
Javascript,Web Applications,Node.js,MongoDB,Docker, Git,,,,,,,,,
Android,Kotlin,Java,REST API,,,,,,,,,,,
ASP.NET,jQuery,Javascript,C#, OOP,,,,,,,,,,
,,,,,,,,,,,,,,
HTML5,CSS3,jQuery,Javascript,Bootstrap, Front-end,,,,,,,,,
DevOps,Monitoring,Docker,agile,,,,,,,,,,,
تست نرم افزار,QA,Test Case,test plan, Scrum,agile,,,,,,,,,
HTML, Front-end, SASS,Github,CSS,,,,,,,,,,
Full-stack,ASP.NET Core, C#,Angular,react native,,,,,,,,,,
++C,Cryptography,#C,Java,.NET Core,Blockchain,,,,,,,,,
DevOps,Docker,Java, Git,Nginx,,,,,,,,,,
استقرار نرم افزار,,,,,,,,,,,,,,
 Front-end,HTML,CSS,Javascript,,,,,,,,,,,
 Front-end,Angular,HTML5,Javascript, Git,,,,,,,,,,
کارآموزی,PHP,,,,,,,,,,,,,
 Front-end,Javascript,webpack,CSS3,HTML5,,,,,,,,,,
.NET,HTML,CSS, OOP,jQuery,Javascript,,,,,,,,,
Python,Django, SQL,Postgress, Git,,,,,,,,,,
Android,Android SDK,RESTful, JSON,APIs,,,,,,,,,,
react native,CSS,Bootstrap,jQuery,Android,,,,,,,,,,
استقرار نرم افزار,پشتیبانی نرم افزار,icdl,,,,,,,,,,,,
کارآموزی,تست نرم‌افزار,,,,,,,,,,,,,
Android, Android Development,Android Studio,Gradle,Java,Design Patterns,,,,,,,,,
Go,Python, Scrum,,,,,,,,,,,,
C#,ASP.NET,Javascript,HTML,CSS,,,,,,,,,,
Front-end Development, WordPress,Joomla,OpenCart,Drupal,whmcs,CSS,HTML,cross platform ,Javascript,AngularJS,EmberJS,BackboneJs,Twitter Bootstrap,
jQuery,Javascript,Bootstrap,CSS3,HTML5,React,,,,,,,,,
 Front-end,HTML,CSS,jQuery,JS,Bootstrap,,,,,,,,,
,,,,,,,,,,,,,,
Wordpress,woocomerce,plugin,,,,,,,,,,,,
UI  UX,Zeplin,CSS,HTML5,,,,,,,,,,,
مستندسازی,طراحی نرم افزار,پایگاه داده,,,,,,,,,,,,
Back-end,MongoDB,RabbitMQ,DevOps,Python,,,,,,,,,,
Data science,Python,MATLAB,,,,,,,,,,,,
تست نرم افزار,Unit Tests,Integration Testing,Unit Testing,,,,,,,,,,,
angular5,CSS3,HTML5,,,,,,,,,,,,
Java,Full-stack,HTML5,CSS3,jQuery,,,,,,,,,,
طراحی سایت,HTML5,CSS3,jQuery,Javascript,,,,,,,,,,
Python,Django,Postgress,,,,,,,,,,,,
پایتون,Python,Linux,,,,,,,,,,,,
 Front-end,Javascript,CSS,HTML,,,,,,,,,,,
Windows application, SQL,,,,,,,,,,,,,
Android,Java,Android Studio,,,,,,,,,,,,
,,,,,,,,,,,,,,
HTML,CSS,PHP,Laravel,,,,,,,,,,,
Android,MVVM,RestFul API,Kotlin, OOP,,,,,,,,,,
 Front-end,Javascript,CSS3,HTML5,Bootstrap, SASS,Less,,,,,,,,
PHP, OOP, Git,MVC,,,,,,,,,,,
source control,Design Patterns,.NET Framework ,CSS,Javascript,jQuery,Microsoft SQL Server ,ASP.NET,ASP.NET MVC,T-SQL,C#,,,,
.NET,Sql Server,,,,,,,,,,,,,
Node.js,Javascript,Redis,REST,,,,,,,,,,,
Back-end,Javascript,RestFul API,Node.js,,,,,,,,,,,
PWA , SQL, jQuery,MVC,HTML5,,,,,,,,,,
Android,Java,glide,,,,,,,,,,,,
Java,jms,Spring Batch,,,,,,,,,,,,
jQuery,Javascript,CSS,HTML,Angular,,,,,,,,,,
 SEO,تولید محتوا,شبکه های اجتماعی,Google Search Console,SEO On Page,SEO Off Page,,,,,,,,,
پشتیبانی سایت,Wordpress,CSS,HTML,Javascript,,,,,,,,,,
UI,HTML5,CSS3,Javascript,jQuery,,,,,,,,,,
,,,,,,,,,,,,,,
Back-end,ASP.NET,C#,Entity Framework, SQL,,,,,,,,,,
React, Git,Javascript,Redux,HTML5,RestFul API,,,,,,,,,
مدیریت فنی,TFS, Git,MVC,ASP.NET,React,REST,,,,,,,,
.NET,C#,Sql Server,ASP.NET,MVC, OOP,,,,,,,,,
react native,Javascript,ES6, Git,Redux,,,,,,,,,,
مدیریت فنی,MVC,ASP.NET,React,,,,,,,,,,,
CSS3,HTML,ASP.NET,C#,angular 6,MVC,typescript,Web API,Bootstrap,jQuery,,,,,
Back-end,PHP,MVC,Laravel,MySQL, OOP,,,,,,,,,
توسعه وب,Back-end,Laravel,Design Patterns, OOP, Git,MySQL,,,,,,,,
ASP.NET MVC,C#,RestFul API,,,,,,,,,,,,
تحلیل سیستم,توسعه کسب و کار,RUP,UML,bpms,,,,,,,,,,
.NET Core,Full-stack,#C,Angular,typescript,Object Oriented,SQL,Entity Framework Core,HTML,Javascript,CSS, Scrum,,,
Back-end, OOP,Design Patterns,PHP,Laravel,RestFul API,MySQL, SQL, Git,,,,,,
Back-end,Java,core java,Object Oriented,Design Patterns,Hibernate,jpa,RDBMS,,,,,,,
Back-end,J2EE,spring,Java,RestFul API,,,,,,,,,,
,,,,,,,,,,,,,,
CSS,HTML, Front-end,Javascript,,,,,,,,,,,
Wordpress,woocommerce,,,,,,,,,,,,,
IOS,Swift, Xcode, OOP,Size Classes,Auto Layout,,,,,,,,,
PHP,Symfony,zend,Laravel,Linux,,,,,,,,,,
Android,Android Studio,Java,,,,,,,,,,,,
jQuery, SASS,Javascript,CSS,HTML,Responsive,,,,,,,,,
Back-end,Nodejs,NoSQL,MongoDB,Javascript,Redux,,,,,,,,,
تحلیل نرم افزار,Business Rule,تحلیل و طراحی,,,,,,,,,,,,
C#, SQL,MVC,,,,,,,,,,,,
test plan,functional,non functional,Test Case,,,,,,,,,,,
HTML5,CSS3,Javascript, SASS,RESTful APIs ,angular 8,,,,,,,,,
 OOP,MongoDB,MySQL,Javascript,,,,,,,,,,,
Wordpress,HTML5,CSS3,,,,,,,,,,,,
PHP,Python,HTML,CSS,Javascript,,,,,,,,,,
Android,Java, JSON,REST,RxJava, Git,MVP,MVC,,,,,,,
,,,,,,,,,,,,,,
PHP, Git,Gitlab,MySQL, AJAX,ReactNative,,,,,,,,,
Python,HTML,CSS,JS,,,,,,,,,,,
Back-end,Golang,C#,MySQL,,,,,,,,,,,
Java, OOP,Javascript,,,,,,,,,,,,
ASP.NET,plSql,Entity Framework,MVC,,,,,,,,,,,
پشتیبانی نرم افزار,پشتیبانی,مفاهیم شبکه,,,,,,,,,,,,
PHP,MySQL,Wordpress, Git,,,,,,,,,,,
Laravel, Git, Scrum,RestFul API,,,,,,,,,,,
react native,Javascript,ReactJS,Redux,Design Pattern, JSON,,,,,,,,,
Back-end,Python,Django,API,SCRUM,agile, Git,,,,,,,,
برنامه نویسی موبایل,react native,Flutter, Git,,,,,,,,,,,
Node.js,RestFul API,express.js,MongoDB,MySQL,,,,,,,,,,
پشتیبانی وب سایت های وردپرس,ویرایش قالب , CSS,PHP,wordpress plugin,ارتباط با مشتریان و پشتیبانی,پاسخگویی به مشتریان,پلاگین نویسی وردپرس,Wordpress,,,,,,
coordination,ارائه گزارش,تنظیم صورتجلسات,فن بیان قوی,,,,,,,,,,,
Back-end,Laravel,HTTP,RestFul API,,,,,,,,,,,
مدیریت پروژه, jQuery, Python, PHP,Nodejs,NoSQL, MySQL, JavaScript,,,,,,,
,,,,,,,,,,,,,,
 PHP,Full-stack,Laravel,codeigniter, MySQL,,,,,,,,,,
وردپرس,ووکامرس,HTML,CSS,Javascript,,,,,,,,,,
تست نرم افزار,Databases,Java,تست امنیتی,,,,,,,,,,,
تولید محتوا,Wordpress, SEO,Google Analytics ,,,,,,,,,,,
Java, OOP,CI/CD,,,,,,,,,,,,
ES6,Javascript,Nodejs, Git,,,,,,,,,,,
React,Javascript,JSX,HTML5,CSS3,SCSS,ReactJS,REST API,,,,,,,
Javascript,AngularJS,CSS3, SASS,Bootstrap,,,,,,,,,,
 Front-end,C#, OOP,SOLID,RestFul API,Java Script,Web API,,,,,,,,
ReactJS,HTML,CSS,jQuery,Redux,,,,,,,,,,
,,,,,,,,,,,,,,
مدیریت پروژه,کنترل پروژه,اصول و فنون مذاکره,,,,,,,,,,,,
Python,Django,Javascript,Bootstrap,CSS3,HTML5, Git,,,,,,,,
C#,Sql Server,HTML,CSS,Javascript, jQuery,ASP.NET MVC,Object Oriented,,,,,,,
CSS3,HTML5,Javascript, JSON,AngularJS,Bootstrap,jQuery,React,RESTful APIs ,UI/UX,,,,,
,,,,,,,,,,,,,,
پشتیبانی نرم افزار,Microsoft Office ,,,,,,,,,,,,,
PHP,Laravel,Back-end,,,,,,,,,,,,
 Front-end, Git,HTML,Bootstrap,Javascript,,,,,,,,,,
Javascript, Front-end,CSS3,HTML5,ReactJS,,,,,,,,,,
bpms,Javascript,pl-sql,oracle,کنترل کیفیت,,,,,,,,,,
oracle,Databases,cloud,Security,,,,,,,,,,,
 Front-end,Javascript,CSS,HTML,SASS,Angular 2,,,,,,,,,
PHP,کارآموزی,,,,,,,,,,,,,
تست نرم افزار,functional,,,,,,,,,,,,,
PHP, Git,MVC,MySQL,codeigniter,Back-end,,,,,,,,,
Data science,Python,Product Development,,,,,,,,,,,,
پشتیبانی نرم افزار,Sql Server,پشتیبانی,,,,,,,,,,,,
PHP,MySQL,Laravel,REST API, JavaScript,,,,,,,,,,
REST,SOAP,JSF,Java,Javascript,CSS,HTML,Databases,,,,,,,
,,,,,,,,,,,,,,
PHP,Laravel, OOP,MySQL,,,,,,,,,,,
کارآموزی,Android,,,,,,,,,,,,,
Javascript,angular2,,,,,,,,,,,,,
C++,Python,Javascript,,,,,,,,,,,,
Android,RestFul API,JSON,Firebase Messaging,Material Design,,,,,,,,,,
React,HTML5,CSS3,jQuery,Javascript,ASP.NET, Front-end,,,,,,,,
Java, OOP,JAVA EE,MySQL,REST,SOAP,,,,,,,,,
,,,,,,,,,,,,,,
مستندسازی,Microsoft Excel,Microsoft Word,Microsoft Powerpoint,RUP,UML,Visual Paradigm,Rational Rose,visio,تحلیل و طراحی,تایپ,,,,
Laravel,PHP,MySQL,Eloquent,MVC,SOAP,REST API,Javascript,HTML,,,,,,
Android,Android SDK,Java,VCS,REST API,,,,,,,,,,
SharePoint,Sql Server,C#,ASP.NET,,,,,,,,,,,
توسعه نرم افزار,Java,++C,,,,,,,,,,,,
 Front-end,ReactJS,Redux,Node.js,,,,,,,,,,,
Android Studio,Android SDK,Web Services,Material Design,source control,,,,,,,,,,
Android,Java,Design Patterns,,,,,,,,,,,,
Databases,#C,unity 2d, Unity3D,Optimization,,,,,,,,,,
Wordpress,طراحی سایت,CSS,HTML,PHP, WordPress,,,,,,,,,
ASP.NET,C#,Javascript,CSS,HTML5,Bootstrap,AngularJS,,,,,,,,
microsoft Dynamics CRM,CRM,,,,,,,,,,,,,
ReactJS,HTML5,Javascript,HTML, Git,CSS,CSS3,,,,,,,,
Kotlin,Java,Swift, Git,Github,,,,,,,,,,
Front-end,HTML5,HTML,CSS3,CSS,jQuery,Javascript,,,,,,,,
PHP,Symfony,Object Oriented,MySQL,PostgreSQL,typescript,Javascript,Linux,Graphql,HTML,CSS,,,,
Python,Linux,API,word embedding,,,,,,,,,,,
PHP,Laravel, OOP,MVC,,,,,,,,,,,
MVC,#C,SQL,Javascript,AngularJS,,,,,,,,,,
 Front-end,Bootstrap,JS,CSS,HTML 5,React.js,Java,,,,,,,,
Microsoft CRM,,,,,,,,,,,,,,
IOS,Objective-C,Swift,,,,,,,,,,,,
Back-end,PHP, SQL,HTML5,CSS,,,,,,,,,,
,,,,,,,,,,,,,,
Front-end,git,Javascript,Vuejs,,,,,,,,,,,
 Front-end,AngularJS,Javascript,jQuery,HTML5,CSS3,SCSS,,,,,,,,
C#,mssql,HTML,CSS,Bootstrap,,,,,,,,,,
Vue,ES6,Javascript,Vue JS,Vuex,NuxtJS,,,,,,,,,
تست نرم‌افزار,non functional,functional,,,,,,,,,,,,
Full-stack,Angular,ionic 4,ReactNative,Flutter,ES6,HTML5,CSS 3,,,,,,,
Android,Java,agile,,,,,,,,,,,,
Back-end,Nodejs,Design Patterns,MySQL,MongoDB,RestFul API,git,Version Control,,,,,,,
Front-end,React,ReactJS,Vuejs,webpack,PWA ,agile, Git,,,,,,,
C#, Scrum,NET Core., Git,Back-end,Design Patterns,RESTful APIs ,,,,,,,,
تدریس و آموزش,Python,,,,,,,,,,,,,
Back-end,Python,Django,OOP,Design Patterns,SQL,NoSQL,Linux,git,,,,,,
Python,NLP,Docker,,,,,,,,,,,,
Angular,Front-end,Node.js,jQuery,Javascript,CSS,HTML,RestFul API,git,SCRUM,,,,,
Angular,CSS,HTML,Front-end,jQuery,RestFul API,Unit Testing,git, Scrum,,,,,,
Back-end,.NET,,,,,,,,,,,,,
,,,,,,,,,,,,,,
HTML,CSS,PHP,,,,,,,,,,,,
ReactJS,Redux,Javascript,CSS3,HTML5,Responsive Web Design,,,,,,,,,
ASP.NET MVC,Entity Framework,jQuery,Javascript,Angular JS,,,,,,,,,,
Java,OracleDB,اوراکل,Java Spring Framework,Hibernate,,,,,,,,,,
پشتیبانی نرم افزار,TSQL,.NET,iis,,,,,,,,,,,
 Scrum,Jira,Confluence,,,,,,,,,,,,
,,,,,,,,,,,,,,
.NET,ASP.NET,HTML5,CSS,jQuery,Bootstrap,Angular,Sql Server,RESTful,,,,,,
Java,Java Core,JAVA EE,,,,,,,,,,,,
کنترل پروژه,ارائه گزارش,,,,,,,,,,,,,
مفاهیم شبکه,کارشناس شبکه,VOIP,,,,,,,,,,,,
PHP,MySQL,HTML5,CSS3, AJAX,jQuery,Javascript, JSON,XML,,,,,,
Software Testing,سناریو تست,QA Testing,طرح آزمون,تضمین کیفیت,تست functional,تست non functional,,,,,,,,
 Front-end,jQuery,CSS3,HTML5,Bootstrap,,,,,,,,,,
PHP,MySQL,MVC,,,,,,,,,,,,
UI  UX,,,,,,,,,,,,,,
Android,Java,Design Patterns, OOP,,,,,,,,,,,
C#,C++,Unity,,,,,,,,,,,,
 Front-end,Javascript,nuxt,Vuejs,HTML5,CSS3,,,,,,,,,
Java,API,Big Data,ETL, SQL,,,,,,,,,,
Keras,C++, Python,یادگیری ماشین,,,,,,,,,,,
Help Desk,مفاهیم شبکه,,,,,,,,,,,,,
ASP.NET,.NET,C#,Sql Server,SharePoint,,,,,,,,,,
 Front-end,Node.js, SQL,Mongo DB,,,,,,,,,,,
AngularJS,vue.js,Javascript,,,,,,,,,,,,
stimulsoft,Big Data,No-SQL,SQLSERVER,#C,Entity Framework,,,,,,,,,
PHP, Git,MySQL,Linux,Bash,Gitlab,,,,,,,,,
ASP.NET MVC, OOP,T-SQL,Sql Server,Web API,RESTful,Web Services,,,,,,,,
Unity Game Engine, C#,,,,,,,,,,,,,
کنترل پروژه,گزارش نویسی,,,,,,,,,,,,,
HTML5,CSS3, SASS,Less,Javascript,jQuery,Responsive Design,,,,,,,,
,,,,,,,,,,,,,,
Javascript,HTML,CSS,Bootstrap,Responsive,jQuery,Angular,cross platform ,Node.js,React,,,,,
++C,BSD,Linux,Golang,Python,PowerShell,Bash,,,,,,,,
SharePoint,infopath,workflow,Nintex,,,,,,,,,,,
jQuery,CSS,HTML,JS,ReactJS,vue.js,,,,,,,,,
PHP,Javascript, OOP,vue.js,Angular.js,React.js,Sql Server,,,,,,,,
 Front-end,React,Redux,,,,,,,,,,,,
Javascript,jQuery,CSS,HTML,,,,,,,,,,,
پشتیبانی سایت,JS,Wordpress, SEO,HTML5,CSS3,,,,,,,,,
Back-end,SDLC,PHP,Laravel,MySQL, HTML,CSS,,,,,,,,
Windows form,Stimul Report, OOP,,,,,,,,,,,,
مستندسازی,UML,,,,,,,,,,,,,
Entity Framework,C#,ASP.NET MVC,Web API,Sql Server, OOP,,,,,,,,,
Full-stack,Laravel,Javascript,Vuejs,CSS,MySQL,,,,,,,,,
PHP, OOP,MVC,MySQL,CSS3,HTML5, AJAX,jQuery,Javascript, Git,,,,,
,,,,,,,,,,,,,,
React-Native,React,REST API,ES6,Javascript,RestFul API,,,,,,,,,
 Front-end,UI/UX,CSS,HTML,Javascript,jQuery,,,,,,,,,
NET.,MVC,Entity Framework,.NET Core,Sql Server,,,,,,,,,,
 Front-end,HTML5,Javascript,CSS3,jQuery,,,,,,,,,,
native,Android,Android Studio,Java, JSON,Socket.io,,,,,,,,,
 Front-end,Javascript,CSS,Responsive,,,,,,,,,,,
تست نرم افزار,مستندسازی, Acceptance Testing,,,,,,,,,,,,
ES6,Javascript,JSX,ReactJS,CSS3,HTML5, SASS, Git,,,,,,,
هوش تجاری,bi,Sql Server,,,,,,,,,,,,
PHP, OOP,MVC,CSS3,HTML5, AJAX,jQuery,Javascript, Git,,,,,,
Javascript,HTML,CSS,ES5,,,,,,,,,,,
برنامه نویسی وب,CSS,PHP,ASP.NET,Node.js,MySQL,,,,,,,,,
Full-stack,ASP.NET MVC,Bootstrap,jQuery, C#,Sql Server,,,,,,,,,
Back-end, OOP,Design Patterns,PHP,Laravel,MySQL, SQL,,,,,,,,
دیجیتال مارکتینگ, SEO,Google Analytics ,طراحی کمپین‌های تبلیغاتی,,,,,,,,,,,
Java,Back-end,JAVA EE,spring framework,,,,,,,,,,,
پشتیبانی فنی,Query,Sql Server,,,,,,,,,,,,
Full-stack,.NET,ASP.NET, OOP,Entity Framework,T-SQL,,,,,,,,,
Android,MVP,Material Design,orm,SQLite,Java,,,,,,,,,
jQuery,CSS,HTML, Front-end,,,,,,,,,,,
react native,Redux,React,Javascript, Git,,,,,,,,,,
 Front-end,UI  UX,HTML,CSS,SCSS,,,,,,,,,,
هوش تجاری,bi,Sql Server,,,,,,,,,,,,
React, Git,Redux,react native,,,,,,,,,,,
Android,Android SDK,Java,RestFul API,,,,,,,,,,,
HTML,CSS3,Javascript,ReactJS,Redux,react native, Git,,,,,,,,
Back-end,MVC,ASP.NET,CSS,Javascript, Git,,,,,,,,,
ES6,typescript,react native, Git,,,,,,,,,,,
JAVA EE,spring framework,Hibernate,Web Services,RESTful APIs ,,,,,,,,,,
jQuery,Javascript,CSS,HTML, OOP,Bootstrap,,,,,,,,,
PHP,MySQL,Bootstrap,jQuery,Javascript,HTML5,REST API,,,,,,,,
,,,,,,,,,,,,,,
Wordpress,UI,طراحی, SEO,,,,,,,,,,,
PHP,Laravel,Web Services,API, Git,,,,,,,,,,
مدیریت فنی,,,,,,,,,,,,,,
Back-end,ASP.NET Core,API,RestFul API,,,,,,,,,,,
HTML5,CSS3,jQuery,Javascript, SASS,Less,ReactJS,Responsive,,,,,,,
Wordpress,PHP,HTML,CSS,jQuery,Responsive,,,,,,,,,
,,,,,,,,,,,,,,
.NET,C#, OOP,Databases,,,,,,,,,,,
Android,Java, OOP,Android Studio,Android SDK,,,,,,,,,,
Scrum Master,agile,QA,,,,,,,,,,,,
Nodejs,ES5,ES6,RestFul API,MySQL,MongoDB,gitflow,CI/CD,,,,,,,
 Front-end,Vuejs,SCSS,HTML5,CSS3,Javascript,jQuery,,,,,,,,
Scrum Master, Scrum,گزارش‌نویسی,مستندسازی,Jira,agile,,,,,,,,,
bi,ETL,T-SQL,SSAS,Sql Server,SSIS,,,,,,,,,
 Front-end,jQuery,Javascript,CSS,CSS3,Bootstrap,vue.js,,,,,,,,
پایگاه داده,T-SQL,,,,,,,,,,,,,
Delphi,Sql Server,Object Oriented,,,,,,,,,,,,
Back-end,PHP,Laravel,HTML,CSS,JS,,,,,,,,,
#C,Windows form,ado.net,Sql Server,Entity Framework,TFS,,,,,,,,,
Python,Django,CSS,HTML,,,,,,,,,,,
 Scrum,agile,,,,,,,,,,,,,
.NET,C#,MVC,.NET Framework ,HTML,TSQL,Entity Framework,,,,,,,,
Delphi,Object Oriented,REST API,Sql Server,Angular,ASP.NET Core,MVC,,,,,,,,
Javascript,vue.js,React.js,Angular 2,typescript, Git,ES6,git,react native,Vue,Angular,Redux,,,
Python, OOP,NoSQL,RestFul API,No SQL,Django,Linux,TDD,PostgreSQL,MySQL,REST API,,,,
Linux,NoSQL,MongoDB,ZABBIX,Python,MySQL,PostgreSQL,Mongo DB,My Sql,Ansible,Bash,Jenkins,HTTP,DNS,
C#,.NET,oracle,jQuery,HTML,Javascript,,,,,,,,,
ASP.NET,C#,SQLSERVER,MVC,jQuery, AJAX,HTML,CSS,EntityFramework,,,,,,
QA,Databases,Query, Scrum,agile,,,,,,,,,,
Python, OOP,Django,RestFul API,HTML,CSS,Javascript,HTTP,No SQL,Linux,TDD,PostgreSQL,MySQL,REST API,
,,,,,,,,,,,,,,
Back-end, OOP,OOD,Web API,Web Services,,,,,,,,,,
شبکه,VMWare,vSphere,SAN,sip,,,,,,,,,,
HTML5,CSS3,Less, SASS,jQuery,vue.js,Javascript,,,,,,,,
 Front-end,typescript,ES6, Git,react native,git,Vue,Angular,Redux,Javascript,,,,,
Wordpress,HTML,CSS,Javascript,PHP,,,,,,,,,,
C++,plc,C,,,,,,,,,,,,
Wordpress, SEO,yoast seo,,,,,,,,,,,,
 Front-end,HTML,Javascript,jQuery,Bootstrap,Angular,Vue,,,,,,,,
مدیریت شبکه های اجتماعی,طراحی کمپین‌های تبلیغاتی,تولید محتوا,,,,,,,,,,,,
Scrum Master,کنترل پروژه,کنترل و نظارت,مديريت پروژه چابک,,,,,,,,,,,
Angular, Front-end,HTML,CSS,API,,,,,,,,,,
Android,Android SDK, OOP,Design Patterns,Java,,,,,,,,,,
agile,ITIL ,ITSM,,,,,,,,,,,,
PMO,کنترل پروژه,مديريت پروژه چابک,کنترل و نظارت,,,,,,,,,,,
ReactJS,react native,HTML5,CSS3,Bootstrap, Git,,,,,,,,,
Android,API,Back-end,Node.js,,,,,,,,,,,
,,,,,,,,,,,,,,
Linux,REST API,DevOps,,,,,,,,,,,,
Wordpress,PHP,plugin,CSS,jQuery,HTML,,,,,,,,,
Javascript,Web Development,PHP, CSS,HTML,MySQL,,,,,,,,,
PHP,Laravel,MySQL,CSS3,Framework,HTML5,codeigniter,,,,,,,,
Java,Hibernate,Microservice, Git,,,,,,,,,,,
طراحی سایت,Wordpress,Google Analytics ,Google Adwords ,,,,,,,,,,,
 Android Development, Java,Android Studio,RESTfull,Android SDK,Material Design,,,,,,,,,
DevOps,ASP.NET,عیب یابی,iis,Debugging,,,,,,,,,,
Wordpress,پشتیبانی,پشتیبانی سایت,woocommerce,,,,,,,,,,,
3D,طراحی,,,,,,,,,,,,,
 SEO,تحلیل رقبا,GOOGLE ANALYTICS,Google WebMaster Tools,SEO On Page,SEO Off Page,,,,,,,,,
Javascript,Node.js, CSS,HTML,,,,,,,,,,,
برنامه نویسی موبایل,IOS,Swift, Xcode,,,,,,,,,,,
پشتیبانی,پشتیبانی نرم افزار, SQL,,,,,,,,,,,,
,,,,,,,,,,,,,,
Javascript,react native,API, Git,ReactJS,Redux,React,,,,,,,,
 SEO,Google Analytics ,google webmaster,تولید محتوا,طراحی سایت,,,,,,,,,,
Wordpress,jQuery,PHP,Javascript,CSS,HTML,,,,,,,,,
Angular 2,HTML5,CSS3,Javascript,jQuery,Bootstrap,typescript,,,,,,,,
HTML,CSS,JS,React,,,,,,,,,,,
Javascript,HTML,CSS,Bootstrap,JS,React,vue.js,,,,,,,,
پشتیبانی سایت,Wordpress,,,,,,,,,,,,,
 Front-end,CSS3,HTML5,Bootstrap,Angular,typescript,,,,,,,,,
Java, OOP,Spring Boot,orm,,,,,,,,,,,
Javascript,Node.js,CSS,HTML,,,,,,,,,,,
Full-stack,Laravel,Javascript,Vuejs,CSS, MySQL,,,,,,,,,
Javascript,jQuery,CSS,HTML5,PHP,API,,,,,,,,,
,,,,,,,,,,,,,,
react native,CSS, OOP,ES6,,,,,,,,,,,
Node.js,Javascript,express.js,MySQL,oracle,Unit Testing,MongoDB,RESTful,,,,,,,
NET., Git,PR,Entity Framework,,,,,,,,,,,
کارآموزی,Node.js,,,,,,,,,,,,,
Full-stack,Web API,.NET,,,,,,,,,,,,
Back-end,Docker, Git,Angular,Javascript,Python,,,,,,,,,
Wordpress,Javascript,CSS,HTML,API,,,,,,,,,,
rac,DBA,پایگاه داده,oracle,,,,,,,,,,,
PHP,MySQL,,,,,,,,,,,,,
DBA,rac,پایگاه داده,oracle,,,,,,,,,,,
تست نرم افزار,Manual Test,Test Case,,,,,,,,,,,,
Back-end,#C,TFS,API,,,,,,,,,,,
PHP, OOP,JS,CSS,HTML,MySQL,,,,,,,,,
PHP,Laravel, OOP,HTML,CSS,JS, AJAX,,,,,,,,
 SEO,CSS,HTML,Javascript, Git,,,,,,,,,,
Javascript,ReactJS,REST API,jQuery,react native,,,,,,,,,,
Full-stack,.NET Core,ASP.NET Core,Angular,,,,,,,,,,,
ASP .Net Core,Object Oriented,API,React,C#,,,,,,,,,,
,,,,,,,,,,,,,,
 SQL,T-SQL,Sql Server,,,,,,,,,,,,
Back-end,PHP,Laravel, Scrum, Git,,,,,,,,,,
C#,Javascript,T-SQL, Git,TFS,,,,,,,,,,
Python,Django,NoSQL,RestFul API, OOP,,,,,,,,,,
Java,oracle, Git,tomcat,Hibernate,,,,,,,,,,
go lang,Microsoft Office ,RESTful Web Service,ci,,,,,,,,,,,
 Scrum,Prototyping,,,,,,,,,,,,,
Python,Machine learning,RestFul API,NoSQL,TDD,,,,,,,,,,
Blockchain, Java,Python,Javascript,RubyOnRails,,,,,,,,,,
Node.js,Back-end Developer,RestFul API,PostgreSQL,Javascript,,,,,,,,,,
Microsoft Office ,پشتیبانی نرم افزار,CSS,HTML,,,,,,,,,,,
AngularJS,HTML,CSS,angular 6,,,,,,,,,,,
IOS,Swift, OOP,RESTful, Git,,,,,,,,,,
 Front-end,ReactJS, OOP,Javascript,,,,,,,,,,,
RestFul API, SQL,Elixir,,,,,,,,,,,,
,,,,,,,,,,,,,,
whmcs,smarty,PHP,API,OAuth,,,,,,,,,,
PHP,Laravel,MySQL,MVC,Javascript,Bootstrap,,,,,,,,,
Java,Back-end, SQL,Java Core, OOP,,,,,,,,,,
تحلیلگر,Machine learning,Deep learning,Game Theory,Logistics,,,,,,,,,,
 Front-end,typescript,jQuery,Bootstrap,RestFul API,Javascript,,,,,,,,,
PHP,Bootstrap,HTML,JS,CSS,,,,,,,,,,
ASP.NET,#C,ASP.NET MVC, OOP,SQL,,,,,,,,,,
PHP,Laravel,MySQL,,,,,,,,,,,,
Wordpress, Front-end,HTML,CSS,,,,,,,,,,,
C#,ASP.NET MVC, SQL,NoSQL,,,,,,,,,,,
PHP,CSS3,HTML5,Bootstrap,Javascript,jQuery,MySQL,PostgreSQL,,,,,,,
توسعه نرم افزار,HTML5,Angular,React,.NET Core,CSS3,,,,,,,,,
Back-end,PHP,MySQL,Laravel Framework,API,,,,,,,,,,
C/C++, Git, Linux,,,,,,,,,,,,
پشتیبانی نرم افزار,Design Patterns,Elasticsearch,orm,Hibernate,jpa,,,,,,,,,
C#.Net,PHP,Java,.NET,,,,,,,,,,,
,,,,,,,,,,,,,,
Laravel,MySQL,NoSQL, Git,REST API,Unit Testing,CSS,HTML,JS,,,,,,
CSS,HTML,PHP,Docker, Git,,,,,,,,,,
 Front-end,React,CSS3,HTML5,,,,,,,,,,,
DevOps,Linux,unix,Bash,Python,MongoDB,kibana,,,,,,,,
Wordpress,CSS,HTML,,,,,,,,,,,,
HTML5,CSS3,PHP, Front-end, Git,Javascript,,,,,,,,,
,,,,,,,,,,,,,,
Front-end,Angular,CSS3,HTML5,Responsive Web Design,Javascript,RestFul API,,,,,,,,
تست نرم افزار,Software Testing, Scrum,,,,,,,,,,,,
Unity,C#,,,,,,,,,,,,,
IOS,Swift,,,,,,,,,,,,,
 Front-end,jQuery,Javascript,CSS3,HTML5,Laravel,Bootstrap,,,,,,,,
امنیت نرم افزار,تست نرم افزار,OWASP,,,,,,,,,,,,
Java,Android, Scrum,agile,,,,,,,,,,,
ASP.NET MVC,Entity Framework,Sql Server,MVVM, C#,.NET Framework ,,,,,,,,,
Android,JSX,ES6, Git,Javascript,,,,,,,,,,
CTO,مدیریت فنی,NoSQL, SQL,Docker,Linux,,,,,,,,,
typescript,ES6,Java,Swift,,,,,,,,,,,
NET.,asp,Entity Framework,T-SQL,Sql Server,CSS,Javascript,jQuery,MVC,,,,,,
کارآموزی,برنامه‌نویسی,,,,,,,,,,,,,
Android,RestFul API, OOP,MVVM,,,,,,,,,,,
Java,MongoDB, Git,spring framework,,,,,,,,,,,
,,,,,,,,,,,,,,
 OOP,IOS,Swift,SDK,CoreData,,,,,,,,,,
ASP.NET,OOP,C#,Javascript,,,,,,,,,,,
Android,Android Studio,RestFul API,,,,,,,,,,,,
Python,MySQL,Django,,,,,,,,,,,,
تحقیق و توسعه ,Microsoft Office ,,,,,,,,,,,,,
Web Development,Microservice, SQL,NoSQL,Node.js,Javascript,,,,,,,,,
پشتیبانی,پشتیبانی سایت,Javascript,CSS,HTML,,,,,,,,,,
Laravel,Redis,MySQL,PostgreSQL,Vuejs,,,,,,,,,,
Android, OOP, Git,,,,,,,,,,,,
.NET,#C,Web API,T-SQL,,,,,,,,,,,
Back-end,PHP,MVC,MySQL,NoSQL,,,,,,,,,,
Javascript,React.js,Responsive,Bootstrap, jQuery,,,,,,,,,,
Java,Spring Boot,Elasticsearch,MySQL,Linux, OOP,,,,,,,,,
Full-stack,backend, Front-end,,,,,,,,,,,,
Javascript,JSX,ES6,ES5,ReactJS,Redux,RESTful APIs ,Nodejs,,,,,,,
SharePoint,Network Security,Microsoft IIS,,,,,,,,,,,,
C/C++,Python,Go,Java,Javascript,CI/CD,,,,,,,,,
Business Inteligence,Databases, SQL,Python,Microsoft Excel,,,,,,,,,,
Android Studio, Android Development,Java,Kotlin,,,,,,,,,,,
PHP,RestFul API, MySQL,,,,,,,,,,,,
تست نرم افزار,کنترل کیفیت مستندات,,,,,,,,,,,,,
PHP,OOP,Laravel Framework,HTML,CSS,,,,,,,,,,
 Front-end,typescript, SASS, Git,Javascript,React,Redux,,,,,,,,
,,,,,,,,,,,,,,
IOS,Swift,,,,,,,,,,,,,
پشتیبانی نرم افزار,Sql Server,پشتیبانی,,,,,,,,,,,,
Android,MVC,MVVM,RestFul API,Java,,,,,,,,,,
کارآموزی,طرا,,,,,,,,,,,,,
Wordpress,woocommerce,Django,HTML,CSS,,,,,,,,,,
Node.js,API,HTTP,Object Oriented,,,,,,,,,,,
Swift,RestFul API,UI  UX,MVVM,,,,,,,,,,,
Back-end,Data Structures,Nodejs,Javascript,PostgreSQL,MongoDB,,,,,,,,,
PHP,MySQL,CSS3,HTML5,,,,,,,,,,,
Flutter,Android,IOS,,,,,,,,,,,,
,,,,,,,,,,,,,,
PHP,ASP.NET,,,,,,,,,,,,,
تحلیل سیستم,مدلسازی,پایگاه داده,مستندسازی,,,,,,,,,,,
SharePoint,.NET,ASP.NET,Sql Server,,,,,,,,,,,
 Front-end,UI  UX,Redux,HTML5,CSS3, JSON,,,,,,,,,
Java,JAVA EE,Maven,Java Core,,,,,,,,,,,
Back-end,PHP,REST API,codeigniter,Databases,,,,,,,,,,
#C,webform,ASP.NET,HTML,CSS,jQuery,,,,,,,,,
Full-stack,Java, SQL,Oracle Database,HTML,CSS,,,,,,,,,
ASP.NET,MVC,.NET Framework ,Entity Framework,,,,,,,,,,,
.NET,C#,Sql Server,HTML,CSS,Javascript,,,,,,,,,
 Front-end,HTML,HTML5,ES5,ES6,ReactJS,,,,,,,,,
Java,PHP,Laravel,,,,,,,,,,,,
PHP,MySQL,jQuery, SASS,HTML, Git,,,,,,,,,
Java,J2EE,spring,,,,,,,,,,,,
Angular,Material Design,Bootsrap,CSS,HTML,Javascript,typescript,ES6,RxJs,,,,,,
C#,Sql Server, ASP.NET MVC,,,,,,,,,,,,
کارآموزی,Wordpress,,,,,,,,,,,,,
PHP,MySQL, OOP,MVC,HTML,CSS,jQuery,,,,,,,,
Python,Back-end,PostgreSQL,NoSQL,,,,,,,,,,,
Wordpress,woocommerce,HTML,MySQL,PHP,jQuery,,,,,,,,,
PHP,Cache,yii2,Gitlab, Git,CI/CD,MySQL,Linux, OOP,SOLID,,,,,
,,,,,,,,,,,,,,
Python,SQLite,PostgreSQL,,,,,,,,,,,,
IOS,Core Data,REST API, Xcode,,,,,,,,,,,
تولید نرم افزار,مدیریت فنی,.NET,PHP,API,Web Services,Databases,Sql Server,CTO,,,,,,
